nfl_id,display_name,grp,n,tpoe,rnk,tpoe_not_target,tpoe_target,rnk_grp_not_target,rnk_grp_target
2543681,Kyle Fuller,CB,559,-34.77993017693438,1,-31.002902474362248,-3.7770277025721306,1,2
79848,Malcolm Jenkins,S,606,-32.076083345129994,3,-26.688303163396476,-5.38778018173352,1,1
2533062,Stephon Gilmore,CB,560,-32.202010539941924,2,-28.486746974947955,-3.7152635649939687,2,3
71251,Patrick Chung,S,497,-25.243298723806593,23,-21.303978761463146,-3.9393199623434456,10,2
2539334,Desmond Trufant,CB,551,-29.710642269532617,4,-28.368044192536864,-1.3425980769957524,3,45
2557840,Chidobe Awuzie,CB,459,-24.43253709012723,29,-20.53197609369361,-3.9005609964336196,41,1
2555175,James Bradberry,CB,509,-29.501565187883312,5,-28.21932985102362,-1.2822353368596915,4,47
2532861,Casey Hayward,CB,489,-29.286961511323835,6,-27.260846497961584,-2.0261150133622507,5,22
2555310,Jaylon Smith,LB,498,-19.91975904052667,77,-16.433810010259048,-3.4859490302676233,26,1
2532875,Janoris Jenkins,CB,525,-27.31117026959759,11,-26.496340546394602,-0.814829723202987,6,71
2560952,Jaire Alexander,CB,376,-21.536561710833052,56,-18.345979448453317,-3.1905822623797335,61,4
2558065,Adoree' Jackson,CB,476,-28.306373963349852,7,-26.478530523087084,-1.8278434402627681,7,28
2552568,Byron Jones,CB,528,-23.59518685766311,34,-20.487096090910946,-3.108090766752161,42,5
2539338,B.W. Webb,CB,500,-27.9972617453031,9,-25.367622234832943,-2.629639510470157,8,13
2540162,Logan Ryan,CB,440,-25.578251893757237,21,-22.577389310807078,-3.000862582950158,25,6
2555277,Eli Apple,CB,477,-28.255221930339868,8,-25.367276655225467,-2.8879452751144004,9,10
2553500,Bryce Callahan,CB,390,-22.82982441941708,40,-19.849300558632493,-2.980523860784586,47,7
2558259,Shaquill Griffin,CB,462,-26.13401155766607,15,-25.130500961643307,-1.0035105960227655,10,59
2557867,Tre'Davious White,CB,458,-27.51320978711391,10,-24.589713730720582,-2.9234960563933297,13,8
2540180,Tyrann Mathieu,S,554,-26.028210288541217,17,-24.892737930866605,-1.1354723576746126,2,13
2540197,Nickell Robey-Coleman,CB,326,-20.092428047877345,73,-17.195497390204814,-2.8969306576725296,66,9
2555280,Jalen Ramsey,CB,478,-26.372735009101874,12,-24.88770964959336,-1.4850253595085103,11,39
2532920,Josh Norman,CB,518,-26.286955521193512,13,-24.786748913549868,-1.500206607643645,12,38
2556367,William Jackson,CB,528,-26.275053679685783,14,-23.5733015465367,-2.7017521331490824,21,11
2543811,Pierre Desir,CB,461,-22.059574536052402,46,-19.378013536880523,-2.6815609991718783,51,12
496735,Kareem Jackson,CB,514,-26.125737591861213,16,-24.4723924993839,-1.6533450924773114,14,31
2543459,Anthony Barr,LB,315,-15.424049251133757,149,-12.743161576825312,-2.6808876743084458,60,2
2495504,Patrick Peterson,CB,478,-25.794695514057384,18,-24.439754756380044,-1.3549407576773416,15,44
496733,Joe Haden,CB,493,-25.53014403717561,22,-23.890173925203282,-1.6399701119723284,16,32
2533060,Dre Kirkpatrick,CB,395,-22.368566413602792,42,-19.964957888582486,-2.403608525020308,46,14
2558061,Marshon Lattimore,CB,490,-24.326362478673985,31,-23.799972122088523,-0.5263903565854614,17,90
2532877,Trumaine Johnson,CB,325,-21.257760042882484,59,-18.972822483480332,-2.2849375594021537,56,15
2555349,Kendall Fuller,CB,535,-25.75797204042538,19,-23.66047570329108,-2.097496337134298,18,20
2495617,Leon Hall,CB,193,-11.88087854603311,212,-9.668518367422163,-2.2123601786109472,107,16
89756,Jason McCourty,CB,483,-25.718782700700597,20,-23.652597338534317,-2.066185362166281,19,21
2557958,Sidney Jones,CB,200,-12.551596508651665,202,-10.406133658171704,-2.14546285047996,104,17
2495872,Johnathan Joseph,CB,424,-24.461417074965343,27,-23.642892627365974,-0.8185244475993692,20,70
2552265,Steven Nelson,CB,563,-24.739648083726387,24,-22.609684172448414,-2.129963911277971,24,18
2540288,Darius Slay,CB,426,-23.46081789907526,36,-21.34289248519804,-2.11792541387722,37,19
2557979,Jamal Adams,S,553,-24.658328479556065,25,-23.525066008540225,-1.1332624710158383,3,14
2555550,Justin Simmons,S,498,-23.39844562183689,37,-22.81901118014291,-0.5794344416939817,4,36
2550164,T.J. Carrie,CB,497,-24.355218835604592,30,-22.792730808489516,-1.5624880271150752,22,35
2555158,Kevin Byard,S,516,-23.528455298163756,35,-21.474391540657503,-2.0540637575062526,9,3
2307,Orlando Scandrick,CB,434,-24.519630324577033,26,-22.757874047247206,-1.7617562773298276,23,30
2555394,Daryl Worley,CB,212,-13.152607334693059,195,-11.127955554866206,-2.024651779826853,97,23
2555539,Xavien Howard,CB,381,-21.580082164540862,54,-19.592887182867685,-1.987194981673176,48,24
2533059,Morris Claiborne,CB,496,-22.266456444903383,44,-22.574776860498787,0.30832041559540296,26,210
2506861,Brent Grimes,CB,374,-23.598343170152717,33,-21.632302888908445,-1.9660402812442708,33,25
2558136,Fabian Moreau,CB,459,-24.441310961919047,28,-22.55534813215977,-1.885962829759274,27,27
2550930,Todd Davis,LB,374,-17.359329935650305,110,-15.40173230768211,-1.9575976279681961,31,3
2556445,Brian Poole,CB,464,-23.084431443620414,39,-22.36399915790852,-0.7204322857118941,28,74
2556934,Javien Elliott,CB,198,-11.852356001199048,213,-9.936461271005369,-1.9158947301936804,106,26
2532848,Tashaun Gipson,S,477,-23.87820796254268,32,-22.300408229161732,-1.5777997333809504,5,6
2553655,Anthony Harris,S,244,-11.603144053462502,216,-9.687505249926454,-1.9156388035360472,63,4
2558847,Marcus Williams,S,515,-20.094541634090625,72,-22.296752713326544,2.20221107923592,6,124
2539982,A.J. Klein,LB,331,-14.236235493181404,166,-12.343709737586213,-1.8925257555951918,63,4
2539653,Robert Alford,CB,488,-21.85235907544643,49,-22.288385038130567,0.4360259626841369,29,216
494287,Devin McCourty,S,564,-23.36837927817034,38,-22.181078874621573,-1.187300403548767,7,11
2552488,Marcus Peters,CB,453,-22.169038149092675,45,-22.130620808032027,-0.03841734106064709,30,159
2555531,Anthony Brown,CB,383,-20.730206541067993,64,-18.931736816260468,-1.7984697248075263,57,29
2543505,Bradley Roby,CB,450,-21.524474165092375,57,-22.00613575847273,0.481661593380357,31,220
2558009,Budda Baker,S,414,-22.27775576561988,43,-21.902823721344596,-0.37493204427528154,8,46
2556278,Will Parks,S,278,-13.198237619448985,192,-11.522184065027716,-1.676053554421269,56,5
2495108,Prince Amukamara,CB,506,-21.26421006605329,58,-21.867140833206562,0.6029307671532698,32,225
2558163,Alex Anzalone,LB,284,-16.21830928220062,131,-14.557526618923887,-1.6607826632767335,42,5
2550613,Malcolm Butler,CB,443,-22.59835334215346,41,-21.547095992404174,-1.051257349749287,34,55
2532986,Tahir Whitehead,LB,467,-16.394966843178434,128,-14.775317164272794,-1.6196496789056407,41,6
2553822,Curtis Riley,CB,501,-20.32632136227356,68,-21.397412152893786,1.0710907906202234,35,236
2557920,Jourdan Lewis,CB,122,-8.145442863153756,279,-6.5319981391004225,-1.6134447240533334,133,33
2560753,Donte Jackson,CB,464,-21.866359096022684,48,-21.367480814574918,-0.4988782814477645,36,95
2555383,Jalen Mills,CB,275,-16.06081162775025,134,-14.49105922328041,-1.5697524044698412,83,34
2560916,Denzel Ward,CB,448,-21.951007034911694,47,-21.333975656666148,-0.6170313782455451,38,81
2561001,Grant Haley,CB,227,-11.15024018340297,223,-9.628853655040944,-1.5213865283620263,110,36
2506789,Tramon Williams,CB,507,-21.791227424195185,52,-21.281464135107797,-0.5097632890873878,39,93
4365,Brandon Carr,CB,444,-19.671621268437836,80,-18.163889497342176,-1.507731771095659,63,37
2539943,D.J. Swearinger,S,487,-21.818955252408326,51,-21.22438896414997,-0.5945662882583569,11,34
2557927,Desmond King,CB,408,-21.186355315816417,60,-21.21246953391386,0.026114218097444786,40,172
2558184,Damontae Kazee,S,504,-20.47389179820633,66,-21.160907148907757,0.6870153507014267,12,111
2556828,Trevor Williams,CB,189,-9.13123982224727,259,-7.650862730822199,-1.48037709142507,122,40
2543597,Avery Williamson,LB,547,-20.172896540864166,71,-21.101320171973452,0.9284236311092858,1,181
2557980,Jabrill Peppers,S,393,-17.491792923592673,109,-16.012753942622073,-1.4790389809705984,40,7
2555530,Vonn Bell,S,421,-21.671128219406796,53,-20.80083873752287,-0.870289481883927,13,25
2533056,Luke Kuechly,LB,480,-14.565029945386103,162,-13.10088010196794,-1.4641498434181635,56,7
2541958,Jahleel Addae,S,493,-21.578113596977293,55,-20.78584875003212,-0.7922648469451732,14,28
2543741,Jimmie Ward,S,204,-9.71980992487143,249,-8.258978387501918,-1.4608315373695122,69,8
2552385,Adrian Amos,S,566,-21.83545578430871,50,-20.782726065633472,-1.0527297186752376,15,19
2495343,Buster Skrine,CB,346,-16.9081095842324,119,-15.456577278613961,-1.4515323056184377,78,41
2543699,Kyle Van Noy,LB,525,-18.24049424701845,94,-20.588723464949133,2.3482292179306845,2,223
2532946,Coty Sensabaugh,CB,397,-20.84672341893098,63,-19.44317931686828,-1.4035441020626989,50,42
2556571,Jonathan Jones,CB,319,-17.109173354414523,114,-15.739343350860027,-1.3698300035544946,76,43
2533008,Demario Davis,LB,468,-20.99768006772991,62,-19.639785684124355,-1.3578943836055553,3,8
2552484,P.J. Williams,CB,410,-20.064995692574886,75,-20.304347657990096,0.23935196541521025,43,205
2558976,Kenny Moore,CB,445,-21.125835462313837,61,-20.241378462194714,-0.8844570001191223,44,67
494261,Kurt Coleman,S,171,-8.924191062771763,265,-7.578614687043937,-1.3455763757278267,74,9
2552389,Damarious Randall,CB,557,-17.014451848552408,117,-20.120581050971637,3.1061292024192304,45,240
2505708,Mike Adams,S,489,-20.589781431396148,65,-20.1021855893392,-0.48759584205694856,16,41
80431,Clay Matthews,LB,365,-16.571554912511704,126,-15.256946374330987,-1.3146085381807175,34,9
2539243,Bradley McDougald,S,436,-19.58765615722281,81,-19.976228077909695,0.3885719206868868,17,102
2560755,Josh Jackson,CB,371,-17.677452511502015,107,-16.384983642663556,-1.292468868838457,69,46
2558005,Jayon Brown,LB,448,-16.117334756046596,132,-14.828249576124225,-1.2890851799223688,39,10
2530794,Ron Parker,S,508,-20.285148066582543,70,-19.901471438579367,-0.38367662800317764,18,44
2550654,K'Waun Williams,CB,307,-18.301121124131907,92,-17.02321994279292,-1.277901181338987,67,48
2558176,Eddie Jackson,S,497,-19.92403856988775,76,-19.695606138638098,-0.22843243124965007,19,55
2558119,Josh Jones,S,255,-10.927791743219286,229,-9.685335306721951,-1.2424564364973354,64,10
2560725,Minkah Fitzpatrick,S,437,-13.73299527421202,175,-12.562751891680952,-1.1702433825310672,54,12
2552262,Quandre Diggs,CB,463,-17.819762218291125,106,-19.445472424837735,1.6257102065466122,49,238
2541832,Jeff Heath,S,516,-19.828207404300286,78,-19.444923423855048,-0.3832839804452375,20,45
2552392,Jordan Richards,S,228,-10.726820686110617,232,-9.594009886340139,-1.1328107997704782,65,15
2532961,Danny Trevathan,LB,546,-20.083644382038166,74,-19.436332517745207,-0.6473118642929603,4,23
2558077,Delano Hill,S,171,-9.960494402744338,244,-8.828103779847833,-1.1323906228965055,66,16
2553637,Justin Coleman,CB,379,-19.700865655691874,79,-18.57318219497631,-1.1276834607155612,60,49
2505660,Terrell Suggs,LB,393,-14.881379516882287,157,-19.346641240791865,4.465261723909578,5,233
2495507,Richard Sherman,CB,386,-20.452171683930253,67,-19.33206565006144,-1.1201060338688125,53,50
2560712,Terrell Edmunds,CB,514,-20.292188490032178,69,-19.33894299897106,-0.9532454910611163,52,66
2559054,Nicholas Morrow,LB,217,-8.834371713255354,267,-7.7255689044194265,-1.1088028088359276,91,11
2555177,Mackensie Alexander,CB,275,-14.074912204924512,172,-12.977104012452987,-1.0978081924715246,91,51
2560851,Justin Reid,CB,473,-17.839535956431813,104,-19.111813733744714,1.272277777312901,54,237
2540164,Tony Jefferson,S,426,-15.552866336345048,147,-14.458409726053818,-1.0944566102912294,44,17
2553353,Darryl Roberts,CB,375,-18.98914971954996,87,-19.055168571782588,0.06601885223262773,55,179
2560741,Holton Hill,CB,139,-8.436699903728234,273,-7.344209274788917,-1.0924906289393175,125,52
2543501,Aaron Colvin,CB,193,-9.99678307503633,243,-8.913343396036515,-1.0834396789998146,115,53
496937,Sean Lee,LB,104,-3.7302722519509843,377,-2.6484501801305362,-1.081822071820448,149,12
2539935,Kiko Alonso,LB,459,-16.372160348035706,129,-18.914464233754014,2.542303885718309,6,226
2555329,Myles Jack,LB,481,-17.899722269954083,103,-16.833392290492593,-1.0663299794614876,23,13
2558067,Marlon Humphrey,CB,375,-19.22742992424379,85,-18.82711721369819,-0.4003127105456005,58,103
2560822,Parry Nickerson,CB,135,-6.096497655943438,320,-5.032711295243722,-1.0637863606997153,146,54
2560970,Jessie Bates,S,555,-18.17042206111638,97,-18.818673576790808,0.6482515156744272,21,109
2552386,Clayton Geathers,S,348,-15.221341088387971,151,-14.161218038715825,-1.060123049672147,46,18
2532800,Nigel Bradham,LB,528,-19.35218711237652,83,-18.815477264739023,-0.5367098476374952,7,32
80668,Captain Munnerlyn,CB,375,-18.74083538954768,90,-18.79228022334562,0.05144483379794104,59,175
2560917,Fred Warner,LB,474,-18.86431756912654,88,-18.701248972220007,-0.16306859690653341,8,60
2532898,Brandon Marshall,LB,219,-10.565917820618434,236,-9.527284956451528,-1.0386328641669067,81,14
2532828,Lavonte David,LB,465,-18.84948996092476,89,-18.684957351294532,-0.16453260963022673,9,59
2560754,J.C. Jackson,CB,230,-12.300638335068014,207,-11.264746504427299,-1.035891830640715,95,56
2543470,Ha Ha Clinton-Dix,S,473,-17.974428167810952,100,-18.684282587572408,0.7098544197614544,22,112
2550659,Tyler Patmon,CB,122,-5.26933764020174,337,-4.236183176164559,-1.033154464037181,152,57
2539309,T.J. McDonald,S,438,-19.529027694244796,82,-18.603292404529604,-0.9257352897151901,23,24
2540155,Xavier Rhodes,CB,321,-18.026426321598574,99,-17.01958583951338,-1.0068404820851962,68,58
2543680,Antone Exum,S,278,-12.366467814507713,204,-11.361474094809612,-1.0049937196981016,58,20
2532948,Harrison Smith,S,414,-19.205144138274925,86,-18.446181631133612,-0.7589625071413113,24,31
2558183,John Johnson,S,485,-16.837896061356847,122,-18.435632533803645,1.5977364724467986,25,122
2556480,Kentrell Brice,S,316,-13.678105634850708,179,-12.674716204131691,-1.0033894307190163,53,21
2543872,Nevin Lawson,CB,419,-19.333890913135946,84,-18.332344014345093,-1.0015468987908533,62,60
2555378,Tavon Young,CB,315,-16.90176312146341,120,-15.909051600173585,-0.9927115212898241,74,61
2539233,Shawn Williams,S,475,-17.27171921524909,111,-18.25127979012117,0.9795605748720825,26,118
2557955,Teez Tabor,CB,136,-5.400115729519053,331,-4.423618616581248,-0.9764971129378053,148,62
2495202,Von Miller,LB,404,-18.405681709036624,91,-18.182434190039473,-0.2232475189971533,10,55
2561131,George Odum,S,97,-4.04150823888846,369,-3.0687386897771933,-0.9727695491112662,98,22
2508004,Anthony Levine,CB,181,-6.078491117210978,322,-5.10755834470549,-0.9709327725054886,144,63
2541162,A.J. Bouye,CB,389,-18.099447303628793,98,-18.05929747300507,-0.040149830623721926,64,157
2560795,Avonte Maddox,CB,330,-17.21820770159497,113,-16.249102197297915,-0.9691055042970529,71,64
2555255,De'Vondre Campbell,LB,465,-18.207496426650106,96,-18.00638124924419,-0.20111517740591825,11,56
2560758,Leon Jacobs,LB,46,-2.936893039028301,406,-1.9793715900125899,-0.9575214490157112,157,15
2552434,Bobby McCain,CB,369,-17.91240381675973,101,-17.938833319796625,0.026429503036895282,65,173
2543571,Bashaud Breeland,CB,170,-9.371034478056949,255,-8.417670824322123,-0.9533636537348253,118,65
2543492,Lamarcus Joyner,S,454,-16.974567526680172,118,-17.898022082624145,0.9234545559439714,27,116
2495190,Ryan Kerrigan,LB,414,-12.574143177016134,201,-17.8911657401092,5.317022563093067,12,235
2560760,Derwin James,S,496,-16.676727816154717,125,-15.724165447339953,-0.9525623688147645,42,23
2533049,Whitney Mercilus,LB,421,-15.07537278263438,153,-17.88326066477195,2.807887882137569,13,230
2557969,Matt Milano,LB,353,-14.782312295529357,159,-13.837292326329798,-0.9450199691995574,47,16
2558159,Xavier Woods,S,458,-18.227860630906854,95,-17.813062498772734,-0.41479813213411965,28,43
2552289,Bud Dupree,LB,457,-15.637301094126878,143,-17.808715110631187,2.1714140165043094,14,218
2555285,Leonard Floyd,LB,445,-15.50844748147179,148,-17.751143568987285,2.242696087515494,15,221
2561008,Ronnie Harrison,CB,150,-7.319937799602028,296,-6.445631218191959,-0.8743065814100681,135,68
2495807,Antoine Bethea,S,476,-15.556940986182308,146,-17.66623923419157,2.109298248009261,29,123
2495281,Mason Foster,LB,506,-15.789612294944702,140,-17.554499362780565,1.7648870678358628,16,210
2560725,Minkah Fitzpatrick,CB,437,-8.27257812945657,276,-7.41322855393493,-0.8593495755216399,124,69
2552490,Benardrick McKinney,LB,452,-18.261647307222333,93,-17.483600926761397,-0.7780463804609337,17,18
2555342,Karl Joseph,S,218,-9.17512500846687,258,-8.342496541298885,-0.8326284671679847,68,26
2558064,T.J. Watt,LB,469,-15.182608964780652,152,-17.44314021198825,2.2605312472075996,18,222
2560763,Josey Jewell,LB,172,-7.757622938325131,289,-6.9374700721547065,-0.8201528661704244,96,17
2558060,Malik Hooker,S,448,-17.9020435347513,102,-17.421098756071657,-0.4809447786796425,30,42
2539311,Jamie Collins,LB,527,-17.823605705041285,105,-17.32324506448923,-0.5003606405520538,19,36
2495153,Marcus Gilchrist,S,420,-17.2703789040129,112,-17.316697029479503,0.04631812546660038,31,83
2552391,Jaquiski Tartt,S,188,-8.327096575285049,275,-7.519917110788606,-0.8071794644964431,76,27
2495775,Eric Weddle,S,508,-17.041757458851528,116,-17.22139803023255,0.17964057138102157,32,94
2525323,Andrew Sendejo,S,127,-6.47257514528795,312,-5.685708757428496,-0.786866387859454,82,29
2539290,Jordan Poyer,S,473,-17.493780303786348,108,-17.15374451579981,-0.34003578798653544,33,49
494289,Sherrick McManis,CB,152,-7.849125060537421,287,-7.066872634749203,-0.7822524257882183,127,72
2539240,Micah Hyde,S,412,-15.892261635783512,136,-17.14017080691178,1.2479091711282673,34,121
2558133,Montae Nicholson,S,265,-11.305144908956784,222,-10.537545113076318,-0.7675997958804661,59,30
2558094,Zach Cunningham,LB,394,-16.755202988716682,123,-16.965483853841945,0.21028086512526276,20,119
2561003,Shaun Dion Hamilton,LB,40,-2.122167947557651,428,-1.3828042878490339,-0.7393636597086175,175,19
2543711,Telvin Smith,LB,480,-15.95657687204381,135,-16.953135401179455,0.9965585291356457,21,187
2543608,Dexter McDougle,CB,73,-4.7400272170587945,351,-4.010290999273947,-0.7297362177848477,155,73
2560789,Darius Leonard,LB,461,-15.577353524443339,145,-16.865296753130135,1.2879432286867956,22,200
2556641,Romeo Okwara,LB,339,-14.07971739389343,170,-13.363805109172914,-0.7159122847205164,53,20
2555386,Sean Davis,S,512,-15.859687891395879,137,-16.82846067372707,0.9687727823311894,35,117
2561039,Carlton Davis,CB,342,-14.766119035387968,160,-14.052099163771953,-0.7140198716160153,86,75
2556593,Cory Littleton,LB,480,-15.295926863047363,150,-16.79804273530908,1.5021158722617187,24,205
2557945,Justin Evans,S,310,-13.231369463620167,190,-12.521219238543873,-0.7101502250762944,55,32
494307,Darian Stewart,S,402,-16.70742366279787,124,-16.78002785262305,0.07260418982518092,36,87
2560921,Armani Watts,CB,37,-1.962706549867169,437,-1.2616573209517292,-0.7010492289154399,195,76
71441,Glover Quin,S,392,-17.042961782802557,115,-16.71529637899907,-0.3276654038034873,37,51
2561006,Marcell Harris,CB,140,-6.990697150355855,303,-6.317470265355202,-0.6732268850006525,137,77
2560877,Roquan Smith,LB,490,-14.191664961898953,168,-16.616926518789867,2.4252615568909146,25,224
2560963,Anthony Averett,CB,35,-2.000462061147839,433,-1.3288023630366825,-0.6716596981111566,193,78
2552592,Kwon Alexander,LB,211,-7.475367262238493,293,-6.807140474229101,-0.6682267880093915,100,21
2560766,Taron Johnson,CB,224,-11.561108348712933,217,-10.898765821385375,-0.6623425273275576,98,79
2530510,Chris Harris,CB,351,-16.871596003752543,121,-16.362290758339025,-0.5093052454135165,70,94
2556363,Kamu Grugier-Hill,LB,142,-5.009867788006534,341,-4.349612479825049,-0.6602553081814849,128,22
2555166,Joe Schobert,LB,464,-16.099813203937277,133,-16.345937178230155,0.24612397429287966,27,127
2555161,Blake Martinez,LB,499,-15.845260233468277,138,-16.34301096545237,0.4977507319840912,28,150
2556537,Reggie Gilbert,LB,231,-8.268999163650768,277,-7.626403655318716,-0.6425955083320535,93,24
2555568,Erik Harris,S,204,-7.4296252143377375,294,-6.793896727216087,-0.6357284871216508,77,33
2543474,Darqueze Dennard,CB,363,-15.617822637006164,144,-16.178709605373186,0.5608869683670216,72,223
2561149,Matthew Adams,LB,74,-4.696238116533269,353,-4.06288415357745,-0.6333539629558198,129,25
496739,Reshad Jones,S,358,-15.836083762233878,139,-16.1250493045971,0.28896554236322003,38,98
2555294,Shilique Calhoun,LB,63,-2.8808556769711986,409,-2.2478096564940655,-0.6330460204771331,153,26
2495613,Corey Graham,S,389,-16.467920688958085,127,-16.122078766519778,-0.34584192243830647,39,48
2555340,Kyler Fackrell,LB,293,-10.088106027085574,242,-9.461779622301858,-0.6263264047837159,82,27
2556587,Cre'von LeBlanc,CB,240,-13.193289630323164,193,-12.569236885179619,-0.624052745143546,92,80
2557855,Jarrad Davis,LB,468,-14.173058899042141,169,-16.01090228219931,1.83784338315717,29,212
2561155,Zaire Franklin,LB,87,-3.4921659427064293,384,-2.8689473608317058,-0.6232185818747238,144,28
2541200,Rashaan Melvin,CB,305,-16.363543026088394,130,-15.986371835395337,-0.3771711906930561,73,106
2558988,Lenzy Pipkins,CB,42,-2.042973610484489,431,-1.4301570793531537,-0.6128165311313353,189,82
2560728,Tre Flowers,CB,443,-15.674597410986065,142,-15.815964709199129,0.14136729821306376,75,195
2535609,DeShawn Shead,CB,150,-7.178338925082119,299,-6.565621110503502,-0.6127178145786167,132,83
2543830,Tre Boston,S,428,-12.992359708493385,196,-15.807981437578599,2.8156217290852132,41,125
2555540,Derrick Kindred,S,225,-9.342762918966262,256,-8.750317351701122,-0.5924455672651395,67,35
2552448,Trae Waynes,CB,305,-15.714712883992746,141,-15.642391269924252,-0.07232161406849437,77,152
2556614,Cassanova McKinzy,LB,23,-1.7354740198422856,450,-1.1567875207300942,-0.5786864991121913,183,29
2555322,Darron Lee,LB,402,-14.837650601910282,158,-15.509397046712955,0.6717464448026742,30,167
2552315,Jordan Hicks,LB,412,-14.07524622811037,171,-13.500358924248287,-0.5748873038620823,50,30
2507843,Vincent Rey,LB,63,-3.11669880447399,400,-2.543633645390331,-0.5730651590836587,150,31
2539237,D.J. Hayden,CB,245,-11.960037893218857,210,-11.38809267023084,-0.5719452229880171,94,84
2508107,Jimmy Smith,CB,314,-14.655466559773396,161,-15.393700771622347,0.7382342118489515,79,229
2555381,DeAndre Houston-Carson,S,29,-2.251485224255428,422,-1.6824253228625419,-0.5690599013928865,107,37
2552689,Ronald Darby,CB,330,-14.26685179691044,165,-15.33287833979059,1.066026542880149,80,235
2507817,Rafael Bush,S,220,-10.638084816439584,235,-10.074945933750026,-0.5631388826895581,61,38
2533057,Dont'a Hightower,LB,410,-14.035414894762704,173,-15.31880831338587,1.283393418623167,32,199
2558108,Nate Hairston,CB,205,-11.784871855678345,214,-11.235095383014707,-0.5497764726636368,96,85
2560713,Tremaine Edmunds,LB,439,-12.629662243199778,200,-15.287552213090617,2.657889969890839,33,227
306,Dominique Rodgers-Cromartie,CB,61,-3.5393685631685887,381,-2.9900447615826935,-0.549323801585895,161,86
2559260,Tre Sullivan,CB,148,-7.134259986432702,300,-6.592640067353162,-0.5416199190795397,130,87
2556559,Mike Hilton,CB,359,-13.344232968732246,188,-15.232395028189226,1.88816205945698,81,239
2555543,Keanu Neal,S,19,-1.0148866133678787,498,-0.4777406975079022,-0.5371459158599765,119,39
2541243,Duron Harmon,S,375,-14.893335851161085,156,-15.175138733847865,0.28180288268677967,43,97
2552276,Preston Smith,LB,419,-10.527315584288168,237,-15.155520121384422,4.628204537096255,35,234
2557996,Kevin King,CB,142,-6.140598788188763,318,-5.605682998137407,-0.5349157900513553,142,88
2543869,Devon Kennard,LB,407,-12.325073721078414,206,-15.03712155990758,2.712047838829166,36,228
2560746,Mike Hughes,CB,94,-4.827173323146787,348,-4.295038929329225,-0.5321343938175619,151,89
2555528,Nick Vigil,LB,362,-14.416996998558774,164,-15.034208340577107,0.6172113420183326,37,163
2532890,Mychal Kendricks,LB,87,-3.340880711933062,389,-2.812874977744569,-0.5280057341884928,145,33
2532966,Bobby Wagner,LB,451,-15.0378344030466,154,-14.986186585557618,-0.05164781748898232,38,76
2495251,Shareece Wright,CB,303,-14.982403163627115,155,-14.844806937288885,-0.13759622633823076,82,137
1302,Aqib Talib,CB,196,-9.86234818299874,247,-9.337257185148902,-0.5250909978498388,113,91
2550565,Adarius Taylor,LB,266,-9.107246556870658,260,-8.583568195176106,-0.5236783616945522,85,34
2557887,Haason Reddick,LB,370,-13.683020010604128,178,-14.827264129974715,1.1442441193705868,40,194
2559087,Arthur Maulet,CB,61,-2.907595850648301,407,-2.388481447062803,-0.5191144035854979,170,92
496727,Morgan Burnett,S,222,-8.256531207829935,278,-7.743507613484449,-0.5130235943454869,73,40
2532431,Craig Robertson,LB,44,-2.15260241323519,427,-1.6401624488929392,-0.512439964342251,168,35
2552301,Vic Beasley,LB,385,-4.682068535000289,354,-14.374029799514899,9.69196126451461,43,236
2558168,Rasul Douglas,CB,322,-13.726274956092748,176,-14.303618635004005,0.5773436789112574,84,224
2560964,Genard Avery,LB,403,-12.204176608800527,208,-14.261864858034274,2.057688249233747,44,217
2557881,Tedric Thompson,S,345,-13.633866301510306,181,-14.239759772247492,0.6058934707371862,45,107
2560930,Jordan Whitehead,CB,345,-14.454342216374377,163,-14.21953925135644,-0.23480296501793574,85,124
2557880,Josh Harvey-Clemons,LB,137,-6.533376964167471,311,-6.056898308275389,-0.4764786558920819,110,37
2543464,C.J. Mosley,LB,469,-11.42325852763566,219,-14.219003913673372,2.7957453860377113,45,229
2558990,Patrick Ricard,DL,29,-1.6951838023078607,453,-1.245044986332737,-0.45013881597512356,1,1
2556512,Donte' Deayon,CB,58,-2.8514300520680567,410,-2.406664758720301,-0.4447652933477557,169,96
2560886,Greg Stroman,CB,227,-10.946694924574372,227,-10.503737902619992,-0.44295702195438,102,97
2552312,Eric Kendricks,LB,369,-13.709717220989486,177,-14.029846358550056,0.3201291375605706,46,139
2556817,Tony McRae,CB,54,-3.1505981417976896,398,-2.7104111637638963,-0.4401869780337931,165,98
2550842,Adrian Phillips,S,374,-13.902528110276005,174,-14.015625426847487,0.11309731657148218,47,90
2556652,Lafayette Pitts,CB,43,-2.601616376163623,415,-2.16537357410981,-0.4362428020538127,173,99
494259,Barry Church,S,313,-14.213384276226094,167,-13.97953297098296,-0.23385130524313336,48,54
2553790,DeVante Bausby,CB,83,-4.7975648662327774,350,-4.364344450988782,-0.4332204152439952,150,100
2556475,Briean Boddy-Calhoun,CB,369,-13.592778286918055,182,-13.898432730007894,0.30565444308983925,87,209
2555171,Tyler Matakevich,LB,25,-1.2448433096703353,478,-0.8308888785292325,-0.41395443114110275,194,38
2507917,Tramaine Brock,CB,225,-13.66756604506993,180,-13.748366291935007,0.0808002468650758,88,183
2560946,Isaac Yiadom,CB,149,-8.94340794651274,263,-8.536588206361522,-0.40681974015121913,117,101
2560908,Leighton Vander Esch,LB,411,-13.421870202639951,186,-13.688035995136563,0.2661657924966112,48,131
2555546,Rashard Robinson,CB,45,-2.5932608620161464,416,-2.1895419071011637,-0.40371895491498283,172,102
2539320,Kenny Vaccaro,S,364,-12.459920049088087,203,-13.637000661221904,1.177080612133817,49,120
2540152,Eric Reid,S,374,-13.437932243538755,184,-13.56152600048564,0.12359375694688485,50,91
2506345,Adam Jones,CB,58,-3.2917660499203016,393,-2.8916721323664554,-0.40009391755384605,163,104
2495493,Justin Houston,LB,324,-13.216031099617702,191,-13.503881397786069,0.28785029816836677,49,134
2559053,Torry McTyer,CB,178,-9.076215991962027,261,-8.679036864385933,-0.3971791275760938,116,105
2559012,Eric Wilson,LB,139,-5.289402823483307,336,-4.895353267500704,-0.39404955598260333,123,39
2552279,Za'Darius Smith,LB,377,-10.960656698357521,226,-13.448865931279204,2.488209232921683,51,225
2560966,Jerome Baker,LB,319,-13.298230965793502,189,-13.3926716629395,0.09444069714599887,52,102
2552454,Landon Collins,S,381,-13.4359865880651,185,-13.366269281894093,-0.06971730617100781,51,69
2558157,Ahkello Witherspoon,CB,308,-12.882600061572703,197,-13.345226258139881,0.4626261965671786,89,217
2507948,Frank Zombo,LB,12,-0.6009114144573677,532,-0.24030984878589062,-0.36060156567147705,214,40
2555505,Matt Judon,LB,341,-9.02293113839307,262,-13.335312817471447,4.312381679078378,54,232
2543643,Nat Berhe,S,24,-0.7203045988636387,520,-0.36213478031325536,-0.3581698185503833,122,47
2540221,Vince Williams,LB,369,-13.509258880724097,183,-13.283160164281558,-0.22609871644253887,55,53
2543855,Bene' Benwikere,CB,255,-10.897229437734444,231,-10.546684325560694,-0.3505451121737495,101,107
2559164,Michael Davis,CB,314,-13.17382193209469,194,-13.189260741546095,0.015438809451405569,90,169
2555173,Eric Murray,S,345,-13.361549088524844,187,-13.151759970681145,-0.2097891178437003,52,57
2557967,Duke Riley,LB,213,-7.3969969697887805,295,-7.0529472969799425,-0.34404967280883775,95,41
2556489,James Burgess,LB,26,-1.3483675470329266,471,-1.0060471159843085,-0.3423204310486182,186,42
2560784,Harold Landry,LB,330,-12.643980465533145,199,-13.080365062480624,0.4363845969474781,57,147
2559109,Deante Burton,CB,38,-1.159574029357918,488,-0.8182046971245976,-0.3413693322333203,206,108
2540143,Alec Ogletree,LB,411,-12.759742442937116,198,-13.019565785229622,0.25982334229250575,58,129
2534830,Tavon Wilson,S,153,-6.0037725046746235,323,-5.6737715323736015,-0.33000097230102154,83,50
2558830,Samson Ebukam,LB,334,-11.882134793477547,211,-12.792147134720356,0.910012341242809,59,179
2555551,LeShaun Sims,CB,107,-5.774965993076612,327,-5.4458241681235675,-0.3291418249530444,143,109
2543592,Anthony Hitchens,LB,424,-12.350550200649769,205,-12.713513831573849,0.36296363092407935,61,141
2558849,Cameron Sutton,CB,160,-7.945914062641443,285,-7.623099875491632,-0.32281418714981125,123,110
2543851,Phillip Gaines,CB,177,-8.021978541494864,280,-7.701288536883455,-0.32069000461140823,121,111
2560775,Rashaan Gaulden,CB,72,-3.200400340736657,397,-2.8809321336971574,-0.3194682070394994,164,112
2555345,Su'a Cravens,CB,68,-2.6474562130733155,413,-2.336124913076428,-0.31133129999688713,171,113
2561143,Ja'Whaun Bentley,LB,70,-3.6537590586722475,378,-3.3428702185990686,-0.310888840073179,137,43
2556148,Jatavis Brown,LB,331,-12.107490225200026,209,-12.42040483898488,0.3129146137848533,62,138
2553817,Corey Moore,S,27,-1.1796512582327452,484,-0.8735924145941111,-0.306058843638634,116,52
2560914,Levi Wallace,CB,180,-6.714555521520803,307,-6.422557530715812,-0.29199799080499095,136,114
2552447,Shaq Thompson,LB,298,-11.027517220742535,224,-12.154208183013541,1.126690962271006,64,190
2561009,Marquis Haynes,LB,26,-1.2053679363468905,482,-0.9135096262659954,-0.2918583100808951,191,44
2556735,Ken Crawley,CB,218,-11.477977114717733,218,-11.94129899847321,0.4633218837554764,93,218
2536032,Emmanuel Lamur,LB,36,-1.515754568754479,463,-1.2255066411992217,-0.2902479275552571,178,45
71423,Brian Orakpo,LB,291,-10.519729349129335,238,-11.9259413376849,1.406211988555565,65,203
2560759,Natrell Jamerson,CB,44,-2.3898553748057756,419,-2.1023903125589327,-0.2874650622468431,175,115
2555256,Jordan Jenkins,LB,305,-11.413402031292454,220,-11.845448286015273,0.432046254722818,66,146
2550262,Joe Thomas,LB,35,-1.5376102281083974,461,-1.2625348333666704,-0.27507539474172715,177,46
2506352,Thomas Davis,LB,317,-10.97258355685307,225,-11.763064119949766,0.7904805630966949,67,172
2561042,Nick DeLuca,LB,29,-1.9583167234144188,438,-1.6842987426053542,-0.27401798080906453,166,47
2541741,LaRoy Reynolds,LB,2,-0.27940701244937277,565,-0.008323733007146075,-0.2710832794422267,230,48
2535687,Michael Thomas,S,273,-11.727699022205359,215,-11.518348641898221,-0.20935038030713735,57,58
2555545,Will Redmond,CB,4,-0.530288478928534,535,-0.26558514328254434,-0.26470333564598963,223,116
496828,Derrick Morgan,LB,266,-9.499082501682745,253,-11.43209830336009,1.933015801677346,68,215
2561157,Keion Crossen,CB,32,-2.1864060986703526,424,-1.9229578848493225,-0.2634482138210303,182,117
1037374,Sam Shields,CB,207,-9.89026803883934,246,-9.627389480345364,-0.26287855849397535,111,118
2560982,Tony Brown,CB,143,-5.338231903312086,335,-5.07741256612734,-0.2608193371847455,145,119
2354,Wesley Woodyard,LB,363,-11.332035697594247,221,-11.326496099949928,-0.005539597644319405,69,86
2555344,Artie Burns,CB,156,-8.47008099767221,272,-8.215769195588745,-0.25431180208346477,119,120
2533534,Olivier Vernon,LB,330,-10.932668438348557,228,-11.310618459968918,0.377950021620361,70,142
2532869,George Iloka,S,69,-2.643605787457816,414,-2.391160161840168,-0.25244562561764766,102,53
2559934,Justin Lawler,DE,10,-0.9397932006691125,501,-0.6881325062133257,-0.2516606944557868,1,1
2560839,Darius Phillips,CB,126,-6.086050805296489,321,-5.841351753892795,-0.24469905140369422,140,121
2558982,Hardy Nickerson,LB,261,-10.909376879938076,230,-11.175167677405975,0.26579079746789946,71,130
2508084,Patrick Robinson,CB,56,-2.9424723779059017,404,-2.698000651531358,-0.2444717263745434,166,122
2533016,Najee Goode,LB,35,-1.8170635317094028,446,-1.5772783640810837,-0.23978516762831908,169,49
2561366,Frankie Luvu,LB,240,-9.710011481839562,252,-11.110454137763615,1.4004426559240526,72,202
2552255,Eric Rowe,CB,79,-3.9288935824447426,371,-3.689878571555093,-0.23901501088965005,156,123
2558070,Raekwon McMillan,LB,320,-9.90001645874364,245,-11.072558334695286,1.1725418759516453,73,195
2540140,Barkevious Mingo,LB,220,-7.952930420607374,284,-7.715567216622679,-0.23736320398469504,92,50
2558062,Gareon Conley,CB,319,-10.394489643848305,240,-10.885545990383362,0.4910563465350566,99,221
2555552,Ryan Smith,CB,237,-10.690454549387239,233,-10.831656302502465,0.14120175311522543,100,194
2532789,Mark Barron,LB,236,-7.059368170934895,302,-6.830208927328493,-0.2291592436064017,99,51
2558851,Anthony Walker,LB,309,-10.478649097213273,239,-10.799822841913157,0.32117374469988336,74,140
2559200,Joe Jones,LB,12,-0.6867084469007343,523,-0.45780393166032496,-0.2289045152404093,206,52
2532804,Zach Brown,LB,340,-8.937027216853304,264,-10.738067890075499,1.8010406732221942,75,211
2560816,Skai Moore,LB,27,-1.0770715753508755,493,-0.8534766353068326,-0.22359494004404282,193,54
2561527,Mike Ford,CB,184,-10.647732731429864,234,-10.451409063519588,-0.19632366791027558,103,128
2540219,J.J. Wilcox,S,46,-1.6620686985412279,454,-1.4479345626226572,-0.21413413591857072,110,56
2506268,Lorenzo Alexander,LB,302,-6.781140871721437,304,-10.425286397312458,3.644145525591021,76,231
2553536,Troy Hill,CB,207,-10.247287489182277,241,-10.358706323462135,0.11141883427985794,105,188
2534846,Neiko Thorpe,CB,16,-0.7109688382628618,522,-0.5071433046568438,-0.2038255336060181,218,125
2530491,Josh Bynes,LB,305,-8.779156338017767,269,-10.302193726022516,1.5230373880047487,77,206
2557961,Quincy Wilson,CB,239,-9.710381332481019,251,-9.507062884479819,-0.20331844800120077,112,126
2556277,Marqui Christian,S,234,-9.735430779994472,248,-10.17691575481402,0.44148497481954885,60,104
2555547,KeiVarae Russell,CB,77,-3.38278294229165,387,-3.1858485649952297,-0.1969343772964204,159,127
2556711,Jarrod Wilson,S,95,-3.433210016101128,386,-3.2366321188463516,-0.1965778972547763,97,59
2543738,Kareem Martin,LB,279,-8.014270796555154,281,-9.888927098188546,1.8746563016333921,78,213
2560881,Breeland Speaks,LB,238,-7.954619426454526,283,-9.875834758941554,1.921215332487028,79,214
2555160,Antonio Morrison,LB,94,-2.984641217164917,402,-2.7890616231535885,-0.19557959401132868,146,57
2556443,Sharrod Neasman,S,222,-9.324582746769101,257,-9.864693973179167,0.540111226410066,62,105
2550365,Kenny Ladler,S,18,-0.9107902281909341,503,-0.7201888212282125,-0.19060140696272165,117,60
2561132,Foye Oluokun,LB,250,-9.710998200522177,250,-9.784511634623618,0.07351343410144139,80,98
2558853,Mike Tyson,CB,86,-4.386908484949299,362,-4.200261732273012,-0.186646752676287,153,129
2558819,Derrick Jones,CB,16,-0.8938330252067632,504,-0.7138437567381833,-0.1799892684685799,211,130
2560913,Tracy Walker,CB,151,-7.09485914307814,301,-6.9177732916535755,-0.1770858514245647,128,131
2541202,Marcus Cooper,CB,25,-1.8855479418834606,443,-1.7085903136934064,-0.17695762819005414,184,132
2560884,M.J. Stewart,CB,180,-9.427695480204166,254,-9.645811899910914,0.21811641970674794,108,202
2560976,Keishawn Bierria,LB,5,-0.4339095081657033,548,-0.26877749954356456,-0.1651320086221387,213,58
2543637,Terrance Mitchell,CB,226,-8.892408143851172,266,-9.63320059603439,0.7407924521832185,109,230
2558274,Shalom Luani,S,5,-0.41388018353278677,551,-0.25100947983450606,-0.1628707036982807,123,61
2541848,Deon Lacey,LB,8,-0.34620661810728015,559,-0.18404232391178796,-0.16216429419549216,218,61
2555536,Kavon Frazier,S,87,-4.143353243282888,366,-3.983801910902962,-0.15955133237992586,91,62
2543720,Christian Kirksey,LB,246,-8.811097931397583,268,-8.654850407145638,-0.1562475242519461,84,62
2559293,Dymonte Thomas,CB,26,-1.5867881279613718,460,-1.431250773609304,-0.1555373543520678,188,133
2556567,Isaiah Johnson,CB,183,-1.1738793826442757,486,-1.0184733246601545,-0.1554060579841211,200,134
2553796,Quinton Dunbar,CB,203,-8.349326274783328,274,-9.250612457589279,0.9012861828059509,114,233
2552321,Stephone Anthony,LB,3,-0.23160756371025268,572,-0.07722653120676001,-0.15438103250349267,224,63
2555155,Deon Bush,S,88,-3.738829193161589,376,-3.5850873864633943,-0.15374180669819443,93,63
2550572,Christian Jones,LB,280,-8.652706268144415,270,-8.883222072934357,0.2305158047899422,83,124
2560808,Quenton Meeks,CB,25,-1.129614479335852,491,-0.9775089892540817,-0.15210549008177027,201,135
2549896,Marquis Flowers,LB,3,-0.2802611053678225,564,-0.12850494663464898,-0.15175615873317352,223,64
2552605,Ibraheim Campbell,S,57,-1.9566538019956539,439,-1.810230714152396,-0.14642308784325805,105,64
2560887,Chandon Sullivan,CB,45,-2.1125103027224967,429,-1.9694627530735371,-0.14304754964895944,181,136
2561207,Raven Greene,S,26,-1.5095981770964935,464,-1.3723642773467308,-0.13723389974976252,112,65
2560743,Jeff Holland,LB,14,-0.641507595870247,526,-0.5044645085915571,-0.13704308727868983,204,65
2558801,Jordan Evans,LB,214,-8.642114935567632,271,-8.51083151110633,-0.1312834244613009,86,66
2559058,Maurice Smith,CB,27,-0.6422593503119643,525,-0.5129294378903885,-0.12932991242157588,217,138
2560984,Oren Burks,LB,53,-1.5885787260143778,459,-1.4594137652299737,-0.12916496078440404,172,67
2561022,Jack Cichy,LB,2,-0.13087048302013538,589,-0.0028543496355443454,-0.12801613338459103,232,68
2540013,Will Compton,LB,32,-1.1187312115851082,492,-0.9920843953087644,-0.12664681627634392,189,69
2555522,B.J. Goodson,LB,205,-6.646706556831231,310,-8.0989430396557,1.4522364828244683,87,204
89758,Clinton McDonald,DT,2,-0.21553937165909282,574,-0.09011452476063754,-0.1254248468984553,1,1
2507167,Reggie Nelson,S,192,-7.982143406628363,282,-8.027044798944985,0.044901392316622074,70,82
2535693,Johnson Bademosi,CB,16,-0.8827055626584925,505,-0.7577409628216323,-0.12496459983686029,208,139
2560827,Dorian O'Daniel,LB,198,-7.7577454328014985,288,-7.9112129180940665,0.15346748529256773,88,116
2560819,Nick Nelson,CB,152,-6.758813170593909,305,-6.635870397530112,-0.1229427730637971,129,140
2543874,Andre Hal,S,151,-7.9074313371492755,286,-7.884416233253722,-0.02301510389555339,71,75
2560719,Brandon Facyson,CB,4,-0.23831213386497446,568,-0.11764635477837229,-0.12066577908660217,232,141
2558121,Elijah Lee,LB,215,-7.516059831938855,291,-7.8260862914394,0.31002645950054525,89,137
2556550,Josh Hawkins,CB,3,-0.2792037615701877,566,-0.15865124764874414,-0.12055251392144357,227,142
2561015,Lorenzo Carter,LB,256,-7.70553726361823,290,-7.8209536858837625,0.11541642226553214,90,107
2558971,Greg Mabin,CB,65,-2.177465401545233,425,-2.0589282987581647,-0.11853710278706792,177,143
2560850,D.J. Reed,CB,168,-7.482163458249526,292,-7.801046546390158,0.31888308814063226,120,213
2553774,Cameron Lynch,LB,4,-0.45011789001612706,545,-0.3356052487854434,-0.11451264123068366,209,70
2556456,Andrew Adams,S,195,-7.239070147864358,297,-7.800769872586867,0.5616997247225083,72,106
2532928,Eddie Pleasant,S,51,-1.2867880473595998,474,-1.1726113917841523,-0.11417665557544764,114,66
2540291,Kayvon Webster,CB,6,-0.23299163606005058,571,-0.12040156638019575,-0.11259006967985484,231,144
2559043,Chase Allen,LB,5,-0.11204351174179081,595,-0.0020141955599453157,-0.1100293161818455,234,71
2508007,Marcus Sherels,CB,15,-0.8513621843361716,507,-0.7447612576996082,-0.10660092663656337,210,145
2543456,Jadeveon Clowney,DE,14,-0.4649986737119795,544,-0.3611104414210473,-0.10388823229093219,5,2
2558171,Corn Elder,CB,29,-1.4082011964745693,468,-1.3088179914184999,-0.09938320505606946,194,146
2556374,Blake Countess,S,35,-1.7143538814556878,451,-1.617333541063406,-0.0970203403922819,108,67
79901,Vontae Davis,CB,16,-0.5211013485841796,536,-0.4249989277828446,-0.09610242080133499,221,147
2495488,J.J. Watt,DE,1,-0.15851313143102885,586,-0.06775333393528062,-0.09075979749574822,23,3
2557995,Marcus Maye,S,186,-7.199781730775248,298,-7.532123591813136,0.33234186103788793,75,101
2558821,Jamal Agnew,CB,59,-3.2459749693966926,394,-3.1576549460222454,-0.08832002337444729,160,148
2560745,Sam Hubbard,DE,5,-0.3366489961520286,560,-0.2548461848373883,-0.08180281131464032,8,4
2557837,Reuben Foster,LB,174,-6.758246061754025,306,-7.428549830348408,0.6703037685943835,94,165
2556798,Kenneth Durden,CB,3,-0.2829280137461888,563,-0.2040326024100737,-0.07889541133611509,226,149
2543739,Dontae Johnson,CB,5,-0.19533346736309706,578,-0.11750506276832878,-0.07782840459476828,233,150
2558189,Obi Melifonwu,CB,15,-0.7592357116887509,518,-0.6824563408067362,-0.07677937088201466,214,151
2539932,Jamar Taylor,CB,136,-6.680338443107413,309,-7.15555689863123,0.47521845552381636,126,219
2534832,Rodney McLeod,S,93,-3.500816935907292,383,-3.424508036550051,-0.07630889935724101,94,68
2560762,Malik Jefferson,LB,3,-0.20152535101429572,576,-0.13040079437060734,-0.07112455664368839,222,72
2555162,Deion Jones,LB,184,-6.692345469462585,308,-6.920317260477668,0.22797179101508322,97,123
2495184,Cameron Jordan,DE,2,-0.09353387166148011,598,-0.02483925189767381,-0.06869461976380631,26,5
2556394,Chris Milton,CB,32,-1.4732264801121011,465,-1.404716603071666,-0.06850987704043508,190,153
2560826,Uchenna Nwosu,LB,146,-4.69906237499621,352,-6.912499643287638,2.213437268291428,98,220
2560950,Ola Adeniyi,LB,4,-0.06917225461456707,608,-0.0027418656908446866,-0.06643038892372238,233,73
2543850,Ricardo Allen,S,118,-4.50459631931066,360,-4.443156728425819,-0.061439590884840925,89,70
2558182,Rayshawn Jenkins,S,64,-3.329346114156875,390,-3.2690713085968652,-0.06027480556001004,96,71
2495229,Kelvin Sheppard,LB,3,-0.023957581552694972,615,0.034900020796602614,-0.058857602349297586,236,74
2556567,Isaiah Johnson,S,183,-6.155944999605176,317,-6.791201510694913,0.635256511089737,78,108
2541135,Cody Davis,S,3,-0.12472365512808298,592,-0.06759630909372584,-0.05712734603435713,124,72
2552266,Anthony Chickillo,LB,153,-6.172164846109939,316,-6.73583489471887,0.5636700486089311,101,158
2555168,Kentrell Brothers,LB,3,-0.27273639209936557,567,-0.2162397321129255,-0.056496659986440066,216,75
2533048,Nick Perry,LB,149,-4.651611392987084,356,-6.659362583824175,2.0077511908370904,102,216
2560913,Trey Walker,CB,5,-0.12986164624370294,590,-0.07572078283731135,-0.0541408634063916,234,154
2556833,De'Vante Harris,CB,51,-3.010409077873755,401,-2.956500960371688,-0.05390811750206699,162,155
2555542,Jordan Lucas,CB,147,-5.792773536734416,325,-6.572400347018433,0.7796268102840163,131,231
496796,Jerry Hughes,DE,2,-0.17627417698524353,581,-0.12684031109770713,-0.049433865887536406,14,6
2543494,Dee Ford,DE,5,-0.18175634555035786,579,-0.13381217241331628,-0.047944173137041565,12,7
2552451,Shane Ray,DE,2,-0.11810505640625771,594,-0.07041174791125276,-0.047693308495004944,22,8
2560830,Isaiah Oliver,CB,148,-6.197250251992144,315,-6.509636954970751,0.31238670297860693,134,211
2550605,Marcus Williams,CB,18,-0.831262507588759,509,-0.7838849270438532,-0.04737758054490578,207,156
2560718,Rashaan Evans,LB,229,-6.453792535334044,313,-6.474561226677046,0.020768691343002233,103,93
2555421,Yannick Ngakoue,DE,4,-0.22423589507247388,573,-0.18018393518059383,-0.044051959891880044,10,9
2543650,Aaron Lynch,DE,5,-0.3798149713226391,554,-0.3375007265130631,-0.04231424480957597,7,10
2553722,Matt Longacre,LB,120,-5.444325977578056,330,-6.434493865453507,0.9901678878754513,104,185
2556775,Terrance Smith,LB,110,-4.63755614586805,358,-4.597368531776256,-0.040187614091793784,126,77
2550257,Daniel Sorensen,S,169,-6.270423084525646,314,-6.36661296123606,0.09618987671041376,79,88
2530474,Mario Addison,DE,1,-0.08454512622158113,601,-0.04511146146958586,-0.039433664751995265,25,11
2560999,Shaquem Griffin,LB,1,-0.041957705427978116,613,-0.002892521677829739,-0.03906518375014838,231,78
2558857,Adrian Colbert,S,143,-5.573276433574285,329,-6.311142912856712,0.7378664792824272,80,113
2558858,Joshua Holsey,CB,10,-0.6058289083893327,531,-0.5669523738988314,-0.03887653449050138,216,158
2561318,Tae Davis,LB,174,-5.36610926492943,334,-6.270511507586301,0.9044022426568704,105,178
2535613,L.J. Fort,LB,173,-5.176777440395679,338,-6.256410228694797,1.0796327882991175,106,189
2555355,Clayton Fejedelem,S,104,-4.649671606145704,357,-4.611845947040042,-0.03782565910566218,88,73
2560760,Derwin James,CB,496,-6.114776182121781,319,-6.1992253883796895,0.08444920625790914,138,184
2552261,Kevin Johnson,CB,38,-1.891565445074261,442,-1.8539351385120466,-0.037630306562214305,183,160
494277,Kendrick Lewis,S,141,-5.863009634694312,324,-6.19493954679363,0.33192991209931716,81,100
2558923,Riley Bullough,LB,33,-1.0475742876092562,495,-1.0111937339249266,-0.036380553684329645,185,79
2543814,Preston Brown,LB,167,-5.3932153267049845,332,-6.190912876496577,0.7976975497915921,107,173
2553815,Justin March-Lillard,LB,2,-0.07242206354988846,607,-0.037167441675499346,-0.03525462187438912,227,80
2555169,Reggie Ragland,LB,200,-5.591211336480536,328,-6.17788625354142,0.5866749170608835,108,161
2556542,Nicholas Grigsby,LB,13,-0.3639701045687659,556,-0.3295146729001168,-0.034455431668649075,211,81
2539978,Jon Bostic,LB,233,-4.5943973207850375,359,-6.162172363687906,1.5677750429028687,109,207
2561020,Bradley Chubb,DE,10,-0.5175034633370412,538,-0.4840107448317487,-0.033492718505292556,3,12
2559356,Dominique Hatfield,CB,3,0.03236014964848749,630,0.06565773744187994,-0.03329758779339245,240,161
2556642,Patrick Onwuasor,LB,184,-4.8716253187060286,346,-6.0014909198550255,1.1298656011489974,111,192
2560970,Jessie Bates,CB,555,-2.1753668290527526,426,-2.1437066017638604,-0.031660227288892014,174,162
2540170,David Amerson,CB,128,-5.779312331750243,326,-5.96712303511473,0.1878107033644863,139,199
2543724,Walt Aikens,CB,18,-0.670563653034304,524,-0.6410181590212096,-0.029545494013094316,215,163
2499278,Malcolm Smith,LB,148,-4.9913159864873125,344,-5.912373923100932,0.9210579366136195,112,180
2555320,Aaron Wallace,LB,2,-0.048727887871300404,612,-0.022673857606263777,-0.026054030265036627,229,82
2543769,Deone Bucannon,LB,140,-5.370224059774197,333,-5.880175037440497,0.5099509776663012,113,152
2561469,Darious Williams,CB,2,0.019959201755028865,627,0.04472452835571441,-0.024765326600685544,239,164
2552310,Denzel Perryman,LB,157,-5.134840920192097,339,-5.873681814016292,0.7388408938241944,114,170
2555156,Jayron Kearse,S,76,-3.752711920197732,375,-3.728193659027029,-0.0245182611707028,92,74
2556119,Elandon Roberts,LB,201,-4.83022253265345,347,-5.82667188096939,0.9964493483159395,115,186
496723,Eric Berry,S,36,-1.4579327467643135,466,-1.435792886902744,-0.022139859861569352,111,76
2543823,E.J. Gaines,CB,106,-4.803093888725861,349,-5.771953624392037,0.9688597356661753,141,234
2552489,Eddie Goldman,NT,1,-0.1749982819746273,582,-0.15412531084747988,-0.02087297112714742,1,1
2506353,Derrick Johnson,LB,84,-3.3185100566059633,391,-3.2994489949101093,-0.01906106169585381,139,83
496814,Albert McClellan,LB,8,-0.08254980225637243,603,-0.06374096213085385,-0.018808840125518582,226,84
2558248,Chuck Clark,S,135,-4.8839073547658804,345,-5.63097880389802,0.7470714491321397,84,114
2561585,Dallin Leavitt,CB,1,-0.0837071345689353,602,-0.06621382408160735,-0.01749331048732795,235,165
2557965,Myles Garrett,DE,1,-0.12870144227797642,591,-0.11150179995448933,-0.0171996423234871,15,13
2533058,Vontaze Burfict,LB,138,-4.995508221879861,343,-5.583769510136604,0.5882612882567433,116,162
496780,Carlos Dunlap,DE,1,-0.09187239617303046,600,-0.07743437811397133,-0.01443801805905913,19,14
2555339,Kamalei Correa,LB,158,-4.996531885719599,342,-5.565021894768077,0.5684900090484781,117,159
2556429,Matthias Farley,S,91,-4.090991772384717,368,-4.076679943288294,-0.014311829096422899,90,77
2552686,Damien Wilson,LB,116,-5.0721131550517065,340,-5.5620197797260404,0.4899066246743344,118,149
2552273,Markus Golden,DE,1,-0.009795468774445303,620,0.003069247726843331,-0.012864716501288634,30,15
71197,Connor Barwin,LB,142,-3.2975783007527855,392,-5.501277972704463,2.2036996719516773,119,219
2552486,Leonard Williams,DE,2,-0.17001724393289727,583,-0.15889256333438578,-0.011124680598511488,11,16
2495339,Da'Norris Searcy,S,31,-1.319616041368603,472,-1.308840823782991,-0.010775217585612274,113,78
2552697,Jermaine Whitehead,S,122,-4.674012415327481,355,-5.436896316882033,0.7628839015545517,85,115
2556588,Eric Lee,LB,10,-0.8160226050311452,510,-0.8065054064519113,-0.009517198579233957,195,85
2557972,Marquel Lee,LB,159,-4.125601921865382,367,-5.261997622161538,1.1363957002961569,120,193
2560779,Arden Key,DE,1,-0.06101486609589099,609,-0.05274783941254869,-0.008267026683342303,24,17
2532870,Melvin Ingram,DE,5,-0.4205537904922457,550,-0.4142738478227198,-0.006279942669525928,4,18
2560947,Kenny Young,LB,159,-3.8613667488500596,373,-5.104395476659427,1.243028727809367,121,197
2542009,Benson Mayowa,DE,1,-0.09226233139805497,599,-0.0862082869649124,-0.00605404443314257,18,19
2539219,Blidi Wreh-Wilson,CB,23,-1.2062923957560974,481,-1.2013864755350592,-0.0049059202210382,196,166
238227,Mike Mitchell,S,125,-4.299689200454054,364,-4.9667454971222655,0.6670562966682113,86,110
2552629,Frank Clark,DE,1,0.06973748764621977,633,0.07318522101277528,-0.003447733366555506,33,20
2553657,Neville Hewitt,LB,126,-3.5922858126692123,380,-4.911770267591091,1.319484454921879,122,201
2543717,Jeremiah Attaochu,DE,1,-0.09786483483876061,596,-0.094754148538246,-0.003110686300514611,17,21
2541792,Ray-Ray Armstrong,LB,110,-3.368607326598278,388,-3.3658983538989156,-0.0027089726993627197,136,87
2560714,Duke Ejiofor,LB,108,-3.6358199707040755,379,-4.889475722719757,1.2536557520156815,124,198
744,Calais Campbell,DE,1,-0.02109782726582042,617,-0.018927285326070256,-0.0021705419397501646,28,22
2495252,K.J. Wright,LB,122,-3.917179247174979,372,-4.735178164928748,0.8179989177537693,125,175
2557906,Vince Biegel,LB,1,-0.14767163994859542,587,-0.14587807349098472,-0.001793566457610694,219,88
2556617,Doug Middleton,S,125,-4.4402355570985526,361,-4.700801952812907,0.26056639571435475,87,95
2558185,Tanoh Kpassagnon,DE,1,-0.025727257037634538,614,-0.024659512544050462,-0.0010677444935840736,27,23
2495485,Robert Quinn,DE,1,-0.1326423199472054,588,-0.13174130590766917,-9.010140395362389e-4,13,24
2558018,Solomon Thomas,DE,1,0.013783270387264158,625,0.01402105905269313,-2.3778866542897154e-4,31,25
2558925,Austin Calitro,LB,113,-3.474780195545122,385,-4.538947930751609,1.0641677352064876,127,188
2506931,Kyle Williams,DT,1,0,621,0,0,2,2
2559208,Ryan Lewis,CB,96,-4.374911087580171,363,-4.451536709921891,0.07662562234172059,147,181
2557872,Takkarist McKinley,DE,1,0.03631910395960353,631,0.0357970166766587,5.220872829448248e-4,32,26
2558284,Pita Taumoepenu,DE,1,-0.0728375405682241,605,-0.07454591938035524,0.0017083788121311314,21,27
2561301,Chris Board,LB,6,-0.20020840671355444,577,-0.20280967050015658,0.0026012637866021353,217,89
2561017,Sean Chandler,CB,88,-4.294384647616336,365,-4.4126368662697,0.11825221865336502,149,189
2558241,Blair Brown,LB,1,0.03164054752086484,629,0.02777513204940934,0.0038654154714555036,235,90
2543712,Terrence Brooks,S,40,-1.7769157941717022,447,-1.7834160127224166,0.006500218550714263,106,79
2534567,Korey Toomer,LB,9,-0.37774538583589773,555,-0.38437212527317366,0.006626739437275944,208,91
2557862,Chris Wormley,DE,1,0.0010381688740120432,622,-0.005611877981294919,0.006650046855306962,29,28
2560818,Siran Neal,CB,4,-0.12202520110214211,593,-0.13206297931702862,0.010037778214886509,230,167
2561644,Adonis Alexander,CB,7,-0.43886374241456555,547,-0.44924876497401367,0.01038502255944812,220,168
2560901,Kevin Toliver,CB,84,-3.9711062894752454,370,-4.118678070368361,0.14757178089311543,154,196
2531080,Ben Jacobs,LB,1,-0.01418423018089476,618,-0.02539082950614606,0.0112065993252513,228,92
2559058,Maurice Smith,S,27,-0.44097822392871433,546,-0.45500125439201966,0.014023030463305334,121,80
2556655,Tyvis Powell,CB,40,-1.6200345849533737,457,-1.6436344165759809,0.023599831622607217,185,170
2555307,Devante Bond,LB,70,-3.808208874478484,374,-3.934784727592865,0.1265758531143812,130,113
2561394,Jeremy Reaves,CB,2,0.013607248985155238,624,-0.011633396977089344,0.02524064596224458,238,171
2495201,Pernell McPhee,LB,102,-2.1889554384845926,423,-3.9308730583501,1.7419176198655075,131,209
2541696,Jordan Dangerfield,CB,27,-0.7903755274343722,513,-0.818386946745691,0.02801141931131874,205,174
2553456,Akeem King,CB,79,-3.5378737734920174,382,-3.6471135105699597,0.1092397370779424,157,187
2534741,Keith Tandy,S,1,-0.023339945085192035,616,-0.05542398634169689,0.03208404125650485,125,81
2550541,Shaquil Barrett,LB,128,-2.7603457131162488,412,-3.590161192451818,0.8298154793355695,132,176
2561117,Tarvarius Moore,CB,89,-2.9401724431538003,405,-3.5521333088506317,0.6119608656968314,158,226
2495272,Chris Conte,S,75,-2.3996579471226194,418,-2.4505177475213067,0.050859800398687316,100,84
2539293,Gerald Hodges,LB,155,-1.9375772945247365,440,-3.5054718757986794,1.5678945812739429,133,208
2552494,Eli Harold,LB,98,-3.1290473093889575,399,-3.426469716813397,0.2974224074244395,134,135
2532878,Leonard Johnson,CB,50,-2.4260609418882333,417,-2.4777827037825975,0.05172176189436434,168,176
2561147,Cornell Armstrong,CB,37,-1.0400054683989763,497,-1.0938669140148192,0.05386144561584272,198,177
2559152,Dylan Cole,LB,67,-2.7630979769581216,411,-3.4054349810865623,0.6423370041284405,135,164
2553710,Deshazor Everett,S,45,-1.7612163221746582,449,-1.8152610305576224,0.054044708382964324,104,85
2508080,Earl Thomas,S,89,-3.228352371805658,396,-3.401445169269471,0.17309279746381326,95,93
2560750,Joel Iyiegbuniwe,LB,16,-0.8683391453899602,506,-0.9226549569021126,0.05431581151215251,190,94
2539937,Shamarko Thomas,S,10,-0.5090394734726784,540,-0.5670184816405215,0.05797900816784306,118,86
2560897,Matthew Thomas,LB,3,-0.07263726870173345,606,-0.13118531421635998,0.05854804551462652,221,95
2558166,Tyus Bowser,LB,86,-3.241264829439403,395,-3.3360095629202386,0.09474473348083552,138,103
2553736,Denzel Rice,CB,18,-0.640071423462249,527,-0.7013519136235103,0.061280490161261365,212,178
2550647,Kasim Edebali,LB,2,-0.16068397786607758,585,-0.22608244616201756,0.06539846829594,215,96
2558033,Ben Gedeon,LB,80,-2.9070942270170406,408,-3.2888445302866494,0.381750303269609,140,143
2557924,Jalen Reeves-Maybin,LB,55,-1.9994734668420124,434,-2.072343638543303,0.0728701717012907,156,97
2555366,Deiondre' Hall,CB,6,-0.08103742419520038,604,-0.15488643274879654,0.07384900855359616,228,180
2552320,Ramik Wilson,LB,79,-2.3272270630639835,420,-3.1304439151526684,0.8032168520886848,141,174
2561383,Ben Niemann,LB,22,-0.2373368260410441,569,-0.3138686357283233,0.07653180968727918,212,99
2561328,Sharif Finch,LB,89,-2.9794272459328983,403,-3.0769347550658868,0.09750750913298831,142,105
2553562,Dean Marlowe,CB,25,-0.8497564708677912,508,-0.9269764201410162,0.07721994927322502,202,182
2499257,Colin Jones,S,54,-1.9219344048055755,441,-2.9960321015069216,1.074097696701346,99,119
2541539,Daren Bates,LB,27,-0.9181772056269216,502,-1.0022066722013405,0.08402946657441886,187,100
2552296,Kyle Emanuel,LB,81,-2.253435279674924,421,-2.946972341843244,0.69353706216832,143,168
2539277,Manti Te'o,LB,56,-1.7134459962044093,452,-1.8002192344029466,0.08677323819853744,159,101
2550767,C.J. Goodwin,CB,2,0.023825218941340084,628,-0.06483041585628826,0.08865563479762835,236,185
2543503,Trent Murphy,DE,2,-0.010648047766862234,619,-0.10462448527924303,0.0939764375123808,16,29
2541864,Josh Martin,LB,9,-0.4225959223430387,549,-0.5173623102869902,0.09476638794395147,203,104
2557853,Ryan Anderson,LB,83,-1.6375534016141653,456,-2.7669775795270017,1.1294241779128364,147,191
2560875,Andre Smith,LB,4,-0.23405263584441344,570,-0.3331601775067373,0.0991075416623239,210,106
2559287,Isaiah Irving,LB,63,-2.074992685242172,430,-2.6530738074637252,0.5780811222215534,148,160
2552427,Tony Lippett,CB,21,-1.0402583310085607,496,-1.1399020353774987,0.09964370436893788,197,186
2561417,Charvarius Ward,CB,59,-1.847852631272233,444,-2.559877400168178,0.7120247688959449,167,228
2533542,Josh Robinson,S,16,-0.9481072054410471,500,-1.0600568436634288,0.1119496382223817,115,89
2553441,David Mayo,LB,56,-1.9937643224394965,435,-2.530908310258867,0.5371439878193708,151,154
2560774,Peter Kalambayi,LB,11,0.04586542864358664,632,-0.07118019579645414,0.11704562444004078,225,108
2558786,Brandon Wilson,S,39,-2.0065409030472243,432,-2.435358242392647,0.4288173393454229,101,103
2553687,Zach Vigil,LB,15,-0.41132807601394206,552,-0.5293520689381447,0.11802399292420263,200,109
2561093,Jermaine Carter,LB,39,-1.6074815803585043,458,-1.7255843895047194,0.11810280914621503,162,110
2561283,Zeke Turner,CB,2,0.08443044583162025,635,-0.03733360700712374,0.12176405283874399,237,190
2558289,Tanner Vallejo,LB,72,-1.4069828958758164,469,-2.3551708726836234,0.9481879768078071,152,183
2560724,Kylie Fitts,LB,35,-1.0733880572586598,494,-1.1963932668961672,0.12300520963750736,180,111
2552271,Geneo Grissom,LB,12,-0.5188513092831755,537,-0.6422955691176911,0.12344425983451565,199,112
2555288,Nick Kwiatkoski,LB,58,-1.248924689555969,477,-2.1840283014931923,0.9351036119372235,154,182
2560956,Marcus Allen,CB,13,-0.6214202353158887,529,-0.7487778642266726,0.12735762891078387,209,191
2561107,Corey Thompson,LB,25,-0.7614852520119507,517,-0.8899480157988859,0.12846276378693522,192,114
2555178,Maurice Canady,CB,6,-0.3513129961748172,558,-0.48173707150993017,0.13042407533511297,219,192
2560986,Jason Cabinda,LB,45,-1.9787276062403527,436,-2.141641878329626,0.16291427208927314,155,117
2560948,Trevon Young,LB,6,-0.38740531871508677,553,-0.5241899625804999,0.1367846438654131,202,115
2560815,Kam Moore,CB,2,0.003681163663747572,623,-0.1353548232200429,0.13903598688379049,229,193
2555299,Vernon Hargreaves,CB,37,-1.839280624490506,445,-2.0750148336609637,0.23573420917045776,176,204
2559181,Justin Hardee,CB,41,-1.1803536716096548,483,-2.042992600605623,0.8626389289959683,178,232
2556371,Brandon Williams,CB,41,-1.311349495763174,473,-1.4628950141591892,0.15154551839601516,187,197
2552259,Josh Shaw,CB,48,-1.768837899852744,448,-2.0281805693256687,0.25934266947292456,179,206
2560764,Danny Johnson,CB,38,-1.367203834018715,470,-2.018763538338675,0.6515597043199598,180,227
2541431,Kemal Ishmael,S,23,-0.30252641109640366,562,-0.47180070085387643,0.1692742897574728,120,92
2552684,Mark Nzeocha,LB,42,-1.5261237969153776,462,-1.9747976507566656,0.44867385384128794,158,148
2552307,Bryce Hager,LB,33,-1.159497393966914,489,-1.3300988829236835,0.17060148895676946,176,118
2555270,Carl Nassib,DE,1,0.10202075797490703,637,-0.07462817278640302,0.17664893076131005,20,30
2540287,Rontez Miles,S,41,-1.642254952049278,455,-1.922746090684486,0.2804911386352081,103,96
2558174,Rudy Ford,CB,25,-0.5142486805129017,539,-0.6917572641032039,0.17750858359030222,213,198
2553545,Isaiah Johnson,CB,5,-0.05368980477020291,611,-0.24212096617145193,0.18843116140124902,224,200
2532871,Bruce Irvin,DE,8,-0.16899445344074884,584,-0.36088476124762264,0.1918903078068738,6,31
2561033,Dane Cruikshank,CB,24,-1.1718858432553731,487,-1.3653162777789956,0.1934304345236224,191,201
2543487,Dominique Easley,LB,32,-0.5325596029563924,534,-1.7738270227565627,1.2412674198001703,160,196
2558175,Nate Gerry,LB,53,-1.2518665833762141,476,-1.7587910378078215,0.5069244544316073,161,151
2543563,Kevin Pierre-Louis,LB,20,-0.7777191341721991,514,-0.9921034554451149,0.21438432127291587,188,120
2558097,Ukeme Eligwe,LB,26,-0.5651618291204878,533,-0.7832374353328625,0.2180756062123746,196,121
2556673,Brennan Scarlett,LB,49,-0.7378999099918451,519,-1.7174442400487524,0.9795443300569073,163,184
2535867,Julian Stanford,LB,36,-0.9834688539391627,499,-1.7096019136419571,0.7261330597027944,164,169
496961,Dekoda Watson,LB,39,-1.2144579417735069,480,-1.4336775392056533,0.21921959743214647,174,122
2495170,Davon House,CB,17,-0.6114641035573476,530,-0.8343703090620426,0.22290620550469492,204,203
2558165,Tarell Basham,LB,41,-1.4142164144862908,467,-1.6871629703035995,0.2729465558173088,165,132
2539280,John Simon,DE,9,-0.3253815860434422,561,-0.5499820229827665,0.22460043693932435,2,32
2532974,Kyle Wilber,LB,28,-1.268209032274897,475,-1.6618029468238567,0.3935939145489597,167,145
2559037,Ahmad Thomas,LB,5,0.09821359283570436,636,-0.13744151882842948,0.23565511166413383,220,125
2540159,Kevin Minter,LB,8,-0.1769324354471063,580,-0.4193582101553559,0.2424257747082496,207,126
2557841,Tim Williams,LB,48,-1.2396356904802346,479,-1.5397003199244241,0.3000646294441896,170,136
2561103,Tremon Smith,CB,30,-1.1411046228391841,490,-1.494813895419804,0.35370927258061996,186,214
2553719,Josh Keyes,LB,14,-0.21499339877865342,575,-0.47436382167432883,0.2593704228956754,205,128
2552313,Hayes Pullard,LB,36,-0.7137906033866974,521,-1.491424909592364,0.7776343062056665,171,171
2541192,Chris Banjo,S,31,-1.1774303057214188,485,-1.4912556609643164,0.3138253552428976,109,99
2552730,Brian Peters,LB,28,-0.4839096158216278,543,-0.7613678028867011,0.27745818706507336,197,133
2560928,Kyzir White,LB,37,-0.7639588516200174,516,-1.4343631844659224,0.670404332845905,173,166
2561340,Tre Herndon,CB,37,-0.7671642937128429,515,-1.0525002291181509,0.28533593540530794,199,207
2555380,Cyrus Jones,CB,8,0.0838217197695176,634,-0.22159531186146705,0.30541703163098466,225,208
2561316,Jalen Davis,CB,23,-0.8009362148378246,511,-1.3570036734681563,0.5560674586303317,192,222
2561278,Tavierre Thomas,CB,7,-0.05387434217027598,610,-0.3667255641210451,0.31285122195076914,222,212
2539662,Lerentee McCray,LB,39,-0.3567217696778957,557,-1.199349821794599,0.8426280521167033,179,177
2507644,Ramon Humber,LB,33,-0.6298948192864556,528,-1.1847928666019731,0.5548980473155175,181,156
2495136,Bruce Carter,LB,39,-0.7940027246509311,512,-1.1770108453156636,0.3830081206647325,182,144
2557931,Cordrea Tankersley,CB,12,-0.5069976056889827,541,-0.8860747589285378,0.3790771532395552,203,215
2533459,Nate Stupar,LB,26,-0.49400966712104544,542,-1.0310640810410585,0.5370544139200131,184,153
2540176,William Gholston,DE,2,0.2610544522486138,638,-0.23723538388524257,0.49828983613385636,9,33
2495101,Sam Acho,LB,8,0.019289740327661953,626,-0.5279751157182104,0.5472648560458724,201,155
2552317,Mike Hull,LB,15,-0.096812404341688807,597,-0.6601894005113836,0.5633769961696948,198,157
