"gameId","playId","coverage"
2018091000,1101,"Cover 1 Man"
2018091000,1005,"Cover 1 Man"
2018091000,287,"Cover 1 Man"
2018091000,3151,"Cover 2 Zone"
2018091000,1029,"Cover 2 Zone"
2018091000,1300,"Cover 3 Zone"
2018091000,3393,"Cover 2 Zone"
2018091000,566,"Cover 2 Man"
2018091000,3632,"Cover 3 Zone"
2018091000,2258,"Cover 3 Zone"
2018091000,1927,"Cover 1 Man"
2018091000,3127,"Cover 2 Zone"
2018091000,785,"Cover 3 Zone"
2018091000,2604,"Cover 3 Zone"
2018091000,2782,"Cover 1 Man"
2018091000,1672,"Cover 2 Zone"
2018091000,872,"Cover 2 Zone"
2018091000,716,"Cover 2 Zone"
2018091000,2402,"Cover 1 Man"
2018091000,242,"Cover 2 Zone"
2018091000,3602,"Cover 2 Zone"
2018091000,3415,"Cover 1 Man"
2018091000,2357,"Cover 2 Zone"
2018091000,2992,"Cover 4 Zone"
2018091000,2880,"Cover 2 Zone"
2018091000,1254,"Cover 4 Zone"
2018091000,3269,"Cover 3 Zone"
2018091000,3654,"Cover 1 Man"
2018091000,3879,"Cover 1 Man"
2018091000,1278,"Cover 1 Man"
2018091000,1782,"Cover 4 Zone"
2018091000,1501,"Cover 3 Zone"
2018091000,330,"Cover 1 Man"
2018091000,1864,"Cover 4 Zone"
2018091000,2177,"Cover 1 Man"
2018091000,3323,"Cover 3 Zone"
2018091000,372,"Cover 1 Man"
2018091000,1888,"Cover 2 Zone"
2018091000,3765,"Cover 0 Man"
2018091000,3437,"Cover 3 Zone"
2018091000,3175,"Cover 4 Zone"
2018091000,738,"Cover 4 Zone"
2018091000,2713,"Cover 2 Zone"
2018091000,539,"Cover 1 Man"
2018091000,1451,"Cover 3 Zone"
2018091000,2904,"Cover 2 Zone"
2018091000,2944,"Cover 3 Zone"
2018091000,1186,"Cover 2 Zone"
2018091000,1610,"Cover 3 Zone"
2018091000,2968,"Cover 2 Zone"
2018091000,2303,"Cover 1 Man"
2018091000,2495,"Cover 3 Zone"
2018091000,60,"Cover 3 Zone"
2018091000,426,"Cover 3 Zone"
2018091000,3676,"Cover 1 Man"
2018091000,3549,"Cover 2 Zone"
2018091000,1523,"Cover 2 Man"
2018091000,694,"Cover 2 Man"
2018091000,1210,"Cover 2 Zone"
2018091000,2579,"Cover 3 Zone"
2018091000,2129,"Cover 2 Man"
2018091000,3016,"Cover 6 Zone"
2018091000,3240,"Cover 3 Zone"
2018091000,2735,"Cover 6 Zone"
2018091000,175,"Cover 1 Man"
2018091000,1362,"Cover 4 Zone"
2018091000,3298,"Cover 3 Zone"
2018091000,3216,"Cover 3 Zone"
2018091000,197,"Cover 1 Man"
2018091000,1840,"Cover 1 Man"
2018091000,494,"Cover 3 Zone"
2018091000,2153,"Cover 2 Zone"
2018091000,1051,"Cover 1 Man"
2018091000,3345,"Cover 6 Zone"
2018091000,1753,"Cover 4 Zone"
2018091000,2201,"Cover 4 Zone"
2018091000,3369,"Cover 2 Zone"
2018091000,1987,"Cover 1 Man"
2018091001,235,"Cover 4 Zone"
2018091001,3049,"Cover 1 Man"
2018091001,1280,"Cover 3 Zone"
2018091001,3602,"Cover 2 Zone"
2018091001,741,"Cover 2 Zone"
2018091001,604,"Cover 1 Man"
2018091001,556,"Cover 6 Zone"
2018091001,3511,"Cover 3 Zone"
2018091001,1994,"Cover 4 Zone"
2018091001,1214,"Cover 6 Zone"
2018091001,2897,"Cover 6 Zone"
2018091001,1891,"Cover 2 Zone"
2018091001,1151,"Cover 3 Zone"
2018091001,3361,"Cover 3 Zone"
2018091001,1673,"Cover 1 Man"
2018091001,3463,"Cover 2 Zone"
2018091001,3199,"Cover 3 Zone"
2018091001,3487,"Cover 2 Zone"
2018091001,1843,"Cover 6 Zone"
2018091001,2280,"Cover 2 Zone"
2018091001,792,"Cover 1 Man"
2018091001,3151,"Cover 4 Zone"
2018091001,3385,"Cover 1 Man"
2018091001,2737,"Cover 2 Zone"
2018091001,3976,"Cover 4 Zone"
2018091001,2035,"Cover 4 Zone"
2018091001,3223,"Cover 3 Zone"
2018091001,1970,"Cover 3 Zone"
2018091001,2921,"Cover 3 Zone"
2018091001,475,"Cover 3 Zone"
2018091001,2350,"Cover 1 Man"
2018091001,1086,"Cover 6 Zone"
2018091001,1507,"Cover 1 Man"
2018091001,1946,"Cover 4 Zone"
2018091001,2715,"Cover 2 Zone"
2018091001,1302,"Cover 2 Man"
2018091001,1181,"Cover 4 Zone"
2018091001,694,"Cover 3 Zone"
2018091001,2514,"Cover 2 Zone"
2018091001,1441,"Cover 4 Zone"
2018091001,1695,"Cover 3 Zone"
2018091001,1396,"Cover 1 Man"
2018091001,2575,"Cover 2 Man"
2018091001,3626,"Cover 3 Zone"
2018091001,362,"Cover 1 Man"
2018091001,820,"Cover 1 Man"
2018091001,3099,"Cover 2 Zone"
2018091001,524,"Cover 3 Zone"
2018091001,3715,"Cover 6 Zone"
2018091001,3580,"Cover 3 Zone"
2018091001,2089,"Cover 4 Zone"
2018091001,1867,"Cover 2 Man"
2018091001,3765,"Cover 1 Man"
2018091001,124,"Cover 3 Zone"
2018091001,3175,"Cover 3 Zone"
2018091001,3293,"Cover 4 Zone"
2018091001,3339,"Cover 3 Zone"
2018091001,915,"Cover 3 Zone"
2018091001,3952,"Cover 4 Zone"
2018091001,939,"Cover 3 Zone"
2018091001,2416,"Cover 3 Zone"
2018091001,2945,"Cover 3 Zone"
2018091001,2553,"Cover 2 Zone"
2018091001,3315,"Cover 6 Zone"
2018091001,580,"Cover 3 Zone"
2018091001,980,"Cover 1 Man"
2018091001,3928,"Cover 3 Zone"
2018091001,1780,"Cover 4 Zone"
2018091001,3904,"Cover 4 Zone"
2018091001,3441,"Cover 2 Man"
2018091001,451,"Cover 3 Zone"
2018091001,3787,"Cover 3 Zone"
2018091001,1372,"Cover 2 Zone"
2018091001,2821,"Cover 1 Man"
2018090912,3464,"Cover 1 Man"
2018090912,474,"Cover 1 Man"
2018090912,1639,"Cover 6 Zone"
2018090912,1906,"Cover 3 Zone"
2018090912,1300,"Cover 6 Zone"
2018090912,2982,"Cover 6 Zone"
2018090912,3805,"Cover 4 Zone"
2018090912,402,"Cover 2 Zone"
2018090912,2080,"Cover 1 Man"
2018090912,2868,"Cover 3 Zone"
2018090912,697,"Cover 3 Zone"
2018090912,1985,"Cover 1 Man"
2018090912,316,"Cover 3 Zone"
2018090912,3081,"Cover 3 Zone"
2018090912,1395,"Cover 3 Zone"
2018090912,2258,"Cover 3 Zone"
2018090912,3849,"Cover 2 Man"
2018090912,1419,"Cover 3 Zone"
2018090912,137,"Cover 6 Zone"
2018090912,3520,"Cover 1 Man"
2018090912,242,"Cover 3 Zone"
2018090912,983,"Cover 1 Man"
2018090912,653,"Cover 3 Zone"
2018090912,1081,"Cover 1 Man"
2018090912,1371,"Cover 1 Man"
2018090912,2635,"Cover 6 Zone"
2018090912,1127,"Cover 3 Zone"
2018090912,3726,"Cover 4 Zone"
2018090912,1259,"Cover 3 Zone"
2018090912,3674,"Cover 2 Zone"
2018090912,2659,"Cover 1 Man"
2018090912,1464,"Cover 4 Zone"
2018090912,2205,"Cover 2 Man"
2018090912,2439,"Cover 4 Zone"
2018090912,2602,"Cover 1 Man"
2018090912,795,"Cover 4 Zone"
2018090912,629,"Cover 1 Man"
2018090912,756,"Cover 1 Man"
2018090912,1216,"Cover 1 Man"
2018090912,4043,"Cover 3 Zone"
2018090912,3006,"Cover 3 Zone"
2018090912,503,"Cover 1 Man"
2018090912,2683,"Cover 1 Man"
2018090912,1555,"Cover 2 Zone"
2018090912,3704,"Cover 2 Man"
2018090912,2115,"Cover 6 Zone"
2018090912,2748,"Cover 2 Man"
2018090912,919,"Cover 1 Man"
2018090912,1963,"Cover 3 Zone"
2018090912,3564,"Cover 2 Man"
2018090912,1666,"Cover 3 Zone"
2018090912,3030,"Cover 3 Zone"
2018090912,3748,"Cover 1 Man"
2018090912,2724,"Cover 1 Man"
2018090912,2030,"Cover 6 Zone"
2018090912,3271,"Cover 3 Zone"
2018090912,2417,"Cover 6 Zone"
2018090912,2495,"Cover 1 Man"
2018090912,1939,"Cover 3 Zone"
2018090912,1493,"Cover 1 Man"
2018090912,1702,"Cover 1 Man"
2018090912,2934,"Cover 6 Zone"
2018090912,266,"Cover 1 Man"
2018090912,732,"Cover 6 Zone"
2018090912,3827,"Cover 3 Zone"
2018090912,1882,"Cover 3 Zone"
2018090912,1617,"Cover 3 Zone"
2018090912,3542,"Cover 3 Zone"
2018090912,2282,"Cover 1 Man"
2018090912,1103,"Cover 1 Man"
2018090912,93,"Cover 3 Zone"
2018090912,3781,"Cover 2 Man"
2018090912,115,"Cover 1 Man"
2018090912,3105,"Cover 3 Zone"
2018090912,3871,"Cover 2 Man"
2018090912,1724,"Cover 4 Zone"
2018090912,2372,"Cover 1 Man"
2018090912,2958,"Cover 1 Man"
2018090912,2775,"Cover 1 Man"
2018090912,2519,"Cover 3 Zone"
2018090912,1837,"Cover 1 Man"
2018090912,2348,"Cover 3 Zone"
2018090901,5276,"Cover 1 Man"
2018090901,977,"Cover 1 Man"
2018090901,865,"Cover 1 Man"
2018090901,4762,"Cover 1 Man"
2018090901,1976,"Cover 3 Zone"
2018090901,2570,"Cover 1 Man"
2018090901,4596,"Cover 3 Zone"
2018090901,1452,"Cover 1 Man"
2018090901,613,"Cover 1 Man"
2018090901,1890,"Cover 2 Man"
2018090901,1306,"Cover 6 Zone"
2018090901,405,"Cover 2 Zone"
2018090901,1516,"Cover 3 Zone"
2018090901,5369,"Cover 1 Man"
2018090901,96,"Cover 1 Man"
2018090901,2863,"Cover 3 Zone"
2018090901,4688,"Cover 3 Zone"
2018090901,3622,"Cover 1 Man"
2018090901,1849,"Cover 2 Zone"
2018090901,4020,"Cover 1 Man"
2018090901,1330,"Cover 1 Man"
2018090901,3644,"Cover 1 Man"
2018090901,2055,"Cover 1 Man"
2018090901,5211,"Cover 6 Zone"
2018090901,2757,"Cover 3 Zone"
2018090901,4924,"Cover 4 Zone"
2018090901,5323,"Cover 1 Man"
2018090901,72,"Cover 1 Man"
2018090901,2448,"Cover 1 Man"
2018090901,1136,"Cover 6 Zone"
2018090901,635,"Cover 3 Zone"
2018090901,1177,"Cover 4 Zone"
2018090901,4267,"Cover 4 Zone"
2018090901,3234,"Cover 1 Man"
2018090901,4289,"Cover 6 Zone"
2018090901,1199,"Cover 4 Zone"
2018090901,4620,"Cover 1 Man"
2018090901,248,"Cover 1 Man"
2018090901,566,"Cover 1 Man"
2018090901,1766,"Cover 2 Zone"
2018090901,291,"Cover 2 Zone"
2018090901,2613,"Cover 2 Man"
2018090901,157,"Cover 2 Zone"
2018090901,854,"Cover 3 Zone"
2018090901,680,"Cover 1 Man"
2018090901,3038,"Cover 1 Man"
2018090901,3079,"Cover 2 Zone"
2018090901,439,"Cover 1 Man"
2018090901,4495,"Cover 3 Zone"
2018090901,5050,"Cover 1 Man"
2018090901,2885,"Cover 1 Man"
2018090901,4414,"Cover 2 Man"
2018090901,3938,"Cover 1 Man"
2018090901,4438,"Cover 2 Zone"
2018090901,1682,"Cover 3 Zone"
2018090901,4896,"Cover 1 Man"
2018090901,5511,"Cover 3 Zone"
2018090901,5233,"Cover 2 Zone"
2018090901,3867,"Cover 1 Man"
2018090901,2324,"Cover 3 Zone"
2018090901,4161,"Cover 1 Man"
2018090901,3718,"Cover 1 Man"
2018090901,2522,"Cover 3 Zone"
2018090901,3325,"Cover 4 Zone"
2018090901,1912,"Cover 3 Zone"
2018090901,4751,"Cover 1 Man"
2018090901,5005,"Cover 1 Man"
2018090901,704,"Cover 2 Zone"
2018090901,3295,"Cover 2 Zone"
2018090901,339,"Cover 6 Zone"
2018090901,2972,"Cover 1 Man"
2018090901,3267,"Cover 3 Zone"
2018090901,4189,"Cover 1 Man"
2018090901,3441,"Cover 2 Man"
2018090901,3482,"Cover 3 Zone"
2018090901,1112,"Cover 2 Zone"
2018090901,2841,"Cover 3 Zone"
2018090901,2800,"Cover 1 Man"
2018090901,5150,"Cover 2 Zone"
2018090901,4311,"Cover 3 Zone"
2018090901,493,"Cover 6 Zone"
2018090901,4983,"Cover 1 Man"
2018090901,3600,"Cover 1 Man"
2018090901,3552,"Cover 2 Man"
2018090901,5347,"Cover 1 Man"
2018090901,1742,"Cover 3 Zone"
2018090901,3143,"Cover 2 Zone"
2018090901,523,"Cover 3 Zone"
2018090901,3837,"Cover 1 Man"
2018090901,1373,"Cover 1 Man"
2018090901,1563,"Cover 3 Zone"
2018090901,1021,"Cover 3 Zone"
2018090901,4809,"Cover 3 Zone"
2018090906,3167,"Cover 4 Zone"
2018090906,3433,"Cover 4 Zone"
2018090906,3223,"Cover 4 Zone"
2018090906,730,"Cover 1 Man"
2018090906,2648,"Cover 2 Zone"
2018090906,2812,"Cover 3 Zone"
2018090906,3311,"Cover 3 Zone"
2018090906,2310,"Cover 4 Zone"
2018090906,2868,"Cover 1 Man"
2018090906,2501,"Cover 0 Man"
2018090906,3594,"Cover 4 Zone"
2018090906,87,"Cover 6 Zone"
2018090906,480,"Cover 6 Zone"
2018090906,1823,"Cover 6 Zone"
2018090906,3776,"Cover 4 Zone"
2018090906,1927,"Cover 2 Zone"
2018090906,3808,"Cover 3 Zone"
2018090906,1419,"Cover 1 Man"
2018090906,2409,"Cover 4 Zone"
2018090906,967,"Cover 1 Man"
2018090906,604,"Cover 1 Man"
2018090906,4201,"Cover 4 Zone"
2018090906,868,"Cover 3 Zone"
2018090906,628,"Cover 1 Man"
2018090906,2479,"Cover 1 Man"
2018090906,3546,"Cover 3 Zone"
2018090906,4173,"Cover 2 Zone"
2018090906,3570,"Cover 3 Zone"
2018090906,1799,"Cover 1 Man"
2018090906,1326,"Cover 4 Zone"
2018090906,1465,"Cover 1 Man"
2018090906,776,"Cover 1 Man"
2018090906,1188,"Cover 1 Man"
2018090906,1649,"Cover 6 Zone"
2018090906,58,"Cover 3 Zone"
2018090906,3967,"Cover 0 Man"
2018090906,3834,"Cover 4 Zone"
2018090906,2897,"Cover 3 Zone"
2018090906,1350,"Cover 1 Man"
2018090906,1583,"Cover 1 Man"
2018090906,3195,"Cover 3 Zone"
2018090906,3051,"Cover 1 Man"
2018090906,3143,"Cover 3 Zone"
2018090906,1304,"Cover 1 Man"
2018090906,1113,"Cover 1 Man"
2018090906,1851,"Cover 4 Zone"
2018090906,2748,"Cover 1 Man"
2018090906,3335,"Cover 4 Zone"
2018090906,3732,"Cover 4 Zone"
2018090906,3708,"Cover 3 Zone"
2018090906,1221,"Cover 1 Man"
2018090906,534,"Cover 1 Man"
2018090906,922,"Cover 1 Man"
2018090906,3363,"Cover 2 Zone"
2018090906,2339,"Cover 1 Man"
2018090906,1493,"Cover 2 Zone"
2018090906,3667,"Cover 6 Zone"
2018090906,1027,"Cover 3 Zone"
2018090906,3466,"Cover 4 Zone"
2018090906,1949,"Cover 4 Zone"
2018090906,2261,"Cover 2 Zone"
2018090906,4116,"Cover 3 Zone"
2018090906,456,"Cover 1 Man"
2018090906,2607,"Cover 3 Zone"
2018090906,4229,"Cover 6 Zone"
2018090906,354,"Cover 3 Zone"
2018090906,1441,"Cover 1 Man"
2018090906,3754,"Cover 4 Zone"
2018090906,752,"Cover 1 Man"
2018090906,2981,"Cover 1 Man"
2018090906,284,"Cover 3 Zone"
2018090906,142,"Cover 4 Zone"
2018090906,4140,"Cover 1 Man"
2018090906,2372,"Cover 1 Man"
2018090906,2061,"Cover 0 Man"
2018090906,2923,"Cover 3 Zone"
2018090906,2020,"Cover 4 Zone"
2018090906,508,"Cover 1 Man"
2018090907,79,"Cover 1 Man"
2018090907,192,"Cover 1 Man"
2018090907,2642,"Cover 1 Man"
2018090907,686,"Cover 3 Zone"
2018090907,2418,"Cover 4 Zone"
2018090907,2224,"Cover 2 Man"
2018090907,960,"Cover 3 Zone"
2018090907,1465,"Cover 0 Man"
2018090907,2463,"Cover 3 Zone"
2018090907,1537,"Cover 4 Zone"
2018090907,2618,"Cover 1 Man"
2018090907,3567,"Cover 4 Zone"
2018090907,3475,"Cover 6 Zone"
2018090907,170,"Cover 1 Man"
2018090907,936,"Cover 3 Zone"
2018090907,3033,"Cover 4 Zone"
2018090907,1235,"Cover 3 Zone"
2018090907,541,"Cover 1 Man"
2018090907,1079,"Cover 1 Man"
2018090907,1716,"Cover 6 Zone"
2018090907,2511,"Cover 3 Zone"
2018090907,2141,"Cover 4 Zone"
2018090907,1662,"Cover 4 Zone"
2018090907,3171,"Cover 3 Zone"
2018090907,248,"Cover 4 Zone"
2018090907,2664,"Cover 1 Man"
2018090907,3777,"Cover 1 Man"
2018090907,1988,"Cover 1 Man"
2018090907,3716,"Cover 1 Man"
2018090907,1005,"Cover 1 Man"
2018090907,2853,"Cover 3 Zone"
2018090907,1785,"Cover 6 Zone"
2018090907,710,"Cover 3 Zone"
2018090907,2957,"Cover 1 Man"
2018090907,1382,"Cover 1 Man"
2018090907,1316,"Cover 3 Zone"
2018090907,3055,"Cover 4 Zone"
2018090907,2096,"Cover 2 Zone"
2018090907,2686,"Cover 1 Man"
2018090907,1638,"Cover 4 Zone"
2018090907,1268,"Cover 3 Zone"
2018090907,3193,"Cover 1 Man"
2018090907,2556,"Cover 1 Man"
2018090907,584,"Cover 1 Man"
2018090907,1177,"Cover 6 Zone"
2018090907,3977,"Cover 1 Man"
2018090907,3259,"Cover 1 Man"
2018090907,270,"Cover 6 Zone"
2018090907,2021,"Cover 3 Zone"
2018090907,3077,"Cover 2 Man"
2018090907,2324,"Cover 2 Zone"
2018090907,1752,"Cover 4 Zone"
2018090907,3692,"Cover 1 Man"
2018090907,2200,"Cover 3 Zone"
2018090907,3755,"Cover 3 Zone"
2018090907,1292,"Cover 4 Zone"
2018090907,641,"Cover 1 Man"
2018090907,1050,"Cover 1 Man"
2018090907,1155,"Cover 1 Man"
2018090907,3955,"Cover 3 Zone"
2018090907,565,"Cover 1 Man"
2018090907,3430,"Cover 3 Zone"
2018090907,3826,"Cover 3 Zone"
2018090907,498,"Cover 1 Man"
2018090907,3522,"Cover 6 Zone"
2018090907,3871,"Cover 1 Man"
2018090907,1358,"Cover 3 Zone"
2018090907,3332,"Cover 3 Zone"
2018090907,2744,"Cover 3 Zone"
2018090907,2396,"Cover 1 Man"
2018090907,3895,"Cover 3 Zone"
2018090907,2787,"Cover 1 Man"
2018090907,1826,"Cover 0 Man"
2018090907,3122,"Cover 2 Zone"
2018090907,1578,"Cover 4 Zone"
2018090907,1597,"Cover 3 Zone"
2018090907,2895,"Cover 1 Man"
2018090900,4093,"Cover 3 Zone"
2018090900,947,"Cover 4 Zone"
2018090900,3629,"Cover 3 Zone"
2018090900,2223,"Cover 6 Zone"
2018090900,4637,"Cover 3 Zone"
2018090900,1823,"Cover 3 Zone"
2018090900,232,"Cover 4 Zone"
2018090900,1161,"Cover 6 Zone"
2018090900,2977,"Cover 1 Man"
2018090900,622,"Cover 3 Zone"
2018090900,2799,"Cover 3 Zone"
2018090900,531,"Cover 4 Zone"
2018090900,2594,"Cover 1 Man"
2018090900,1204,"Cover 2 Zone"
2018090900,1316,"Cover 1 Man"
2018090900,1551,"Cover 4 Zone"
2018090900,4303,"Cover 3 Zone"
2018090900,2845,"Cover 2 Zone"
2018090900,1906,"Cover 4 Zone"
2018090900,3829,"Cover 3 Zone"
2018090900,2264,"Cover 4 Zone"
2018090900,1425,"Cover 2 Zone"
2018090900,2696,"Cover 1 Man"
2018090900,4596,"Cover 1 Man"
2018090900,1385,"Cover 3 Zone"
2018090900,853,"Cover 4 Zone"
2018090900,3442,"Cover 2 Zone"
2018090900,1869,"Cover 3 Zone"
2018090900,901,"Cover 3 Zone"
2018090900,3784,"Cover 2 Zone"
2018090900,4503,"Cover 3 Zone"
2018090900,1594,"Cover 3 Zone"
2018090900,3680,"Cover 3 Zone"
2018090900,444,"Cover 3 Zone"
2018090900,2199,"Cover 4 Zone"
2018090900,720,"Cover 3 Zone"
2018090900,4260,"Cover 6 Zone"
2018090900,1035,"Cover 3 Zone"
2018090900,1737,"Cover 2 Zone"
2018090900,2377,"Cover 4 Zone"
2018090900,3161,"Cover 1 Man"
2018090900,2821,"Cover 3 Zone"
2018090900,2572,"Cover 3 Zone"
2018090900,3420,"Cover 6 Zone"
2018090900,1260,"Cover 4 Zone"
2018090900,3748,"Cover 3 Zone"
2018090900,2732,"Cover 4 Zone"
2018090900,797,"Cover 3 Zone"
2018090900,3210,"Cover 1 Man"
2018090900,742,"Cover 3 Zone"
2018090900,2440,"Cover 3 Zone"
2018090900,646,"Cover 3 Zone"
2018090900,95,"Cover 3 Zone"
2018090900,3342,"Cover 3 Zone"
2018090900,186,"Cover 4 Zone"
2018090900,1847,"Cover 1 Man"
2018090900,313,"Cover 4 Zone"
2018090900,2288,"Cover 4 Zone"
2018090900,466,"Cover 3 Zone"
2018090900,2119,"Cover 3 Zone"
2018090900,775,"Cover 4 Zone"
2018090900,4551,"Cover 3 Zone"
2018090900,553,"Cover 3 Zone"
2018090900,3607,"Cover 3 Zone"
2018090900,210,"Cover 4 Zone"
2018090900,877,"Cover 2 Zone"
2018090900,3060,"Cover 4 Zone"
2018090900,71,"Cover 4 Zone"
2018090900,4527,"Cover 3 Zone"
2018090900,925,"Cover 4 Zone"
2018090900,2037,"Cover 6 Zone"
2018090900,1338,"Cover 3 Zone"
2018090900,600,"Cover 6 Zone"
2018090900,2955,"Cover 1 Man"
2018090900,3702,"Cover 3 Zone"
2018090900,1713,"Cover 4 Zone"
2018090900,2353,"Cover 2 Zone"
2018090900,2646,"Cover 3 Zone"
2018090900,2312,"Cover 2 Zone"
2018090909,3067,"Cover 2 Zone"
2018090909,2699,"Cover 4 Zone"
2018090909,1373,"Cover 1 Man"
2018090909,1559,"Cover 3 Zone"
2018090909,2375,"Cover 1 Man"
2018090909,3138,"Cover 3 Zone"
2018090909,4002,"Cover 6 Zone"
2018090909,387,"Cover 6 Zone"
2018090909,2744,"Cover 1 Man"
2018090909,2590,"Cover 3 Zone"
2018090909,3801,"Cover 4 Zone"
2018090909,2084,"Cover 3 Zone"
2018090909,1647,"Cover 4 Zone"
2018090909,851,"Cover 3 Zone"
2018090909,2180,"Cover 3 Zone"
2018090909,2790,"Cover 3 Zone"
2018090909,1446,"Cover 3 Zone"
2018090909,2397,"Cover 4 Zone"
2018090909,2319,"Cover 3 Zone"
2018090909,1535,"Cover 1 Man"
2018090909,1470,"Cover 4 Zone"
2018090909,3162,"Cover 3 Zone"
2018090909,1722,"Cover 4 Zone"
2018090909,3978,"Cover 4 Zone"
2018090909,3755,"Cover 4 Zone"
2018090909,2996,"Cover 3 Zone"
2018090909,1494,"Cover 1 Man"
2018090909,3446,"Cover 1 Man"
2018090909,114,"Cover 6 Zone"
2018090909,1772,"Cover 2 Zone"
2018090909,2430,"Cover 1 Man"
2018090909,1071,"Cover 4 Zone"
2018090909,1899,"Cover 3 Zone"
2018090909,2974,"Cover 3 Zone"
2018090909,4072,"Cover 3 Zone"
2018090909,477,"Cover 1 Man"
2018090909,1968,"Cover 3 Zone"
2018090909,3390,"Cover 1 Man"
2018090909,1944,"Cover 6 Zone"
2018090909,1682,"Cover 4 Zone"
2018090909,3297,"Cover 4 Zone"
2018090909,784,"Cover 4 Zone"
2018090909,157,"Cover 2 Zone"
2018090909,3956,"Cover 3 Zone"
2018090909,602,"Cover 1 Man"
2018090909,1005,"Cover 3 Zone"
2018090909,2062,"Cover 4 Zone"
2018090909,3366,"Cover 3 Zone"
2018090909,2920,"Cover 3 Zone"
2018090909,3777,"Cover 4 Zone"
2018090909,225,"Cover 6 Zone"
2018090909,4026,"Cover 3 Zone"
2018090909,249,"Cover 3 Zone"
2018090909,2809,"Cover 3 Zone"
2018090909,896,"Cover 1 Man"
2018090909,4050,"Cover 4 Zone"
2018090909,1751,"Cover 2 Man"
2018090909,3916,"Cover 1 Man"
2018090909,1218,"Cover 4 Zone"
2018090909,3321,"Cover 3 Zone"
2018090909,3835,"Cover 4 Zone"
2018090909,2766,"Cover 3 Zone"
2018090909,1351,"Cover 4 Zone"
2018090909,556,"Cover 2 Zone"
2018090909,79,"Cover 1 Man"
2018090909,453,"Cover 4 Zone"
2018090909,3228,"Cover 3 Zone"
2018090909,1583,"Cover 4 Zone"
2018090909,2225,"Cover 3 Zone"
2018090909,1126,"Cover 1 Man"
2018090909,2618,"Cover 3 Zone"
2018090909,3273,"Cover 4 Zone"
2018090909,3731,"Cover 3 Zone"
2018090910,3883,"Cover 3 Zone"
2018090910,2729,"Cover 4 Zone"
2018090910,3657,"Cover 4 Zone"
2018090910,2528,"Cover 1 Man"
2018090910,523,"Cover 1 Man"
2018090910,2226,"Cover 3 Zone"
2018090910,923,"Cover 1 Man"
2018090910,1426,"Cover 1 Man"
2018090910,1467,"Cover 3 Zone"
2018090910,1718,"Cover 1 Man"
2018090910,236,"Cover 1 Man"
2018090910,806,"Cover 1 Man"
2018090910,2753,"Cover 3 Zone"
2018090910,3007,"Cover 1 Man"
2018090910,2250,"Cover 2 Zone"
2018090910,1954,"Cover 4 Zone"
2018090910,191,"Cover 3 Zone"
2018090910,1764,"Cover 3 Zone"
2018090910,3574,"Cover 1 Man"
2018090910,1288,"Cover 3 Zone"
2018090910,499,"Cover 3 Zone"
2018090910,3333,"Cover 3 Zone"
2018090910,2797,"Cover 3 Zone"
2018090910,3702,"Cover 4 Zone"
2018090910,3082,"Cover 3 Zone"
2018090910,2580,"Cover 3 Zone"
2018090910,3502,"Cover 3 Zone"
2018090910,2344,"Cover 2 Zone"
2018090910,1381,"Cover 3 Zone"
2018090910,1155,"Cover 3 Zone"
2018090910,894,"Cover 3 Zone"
2018090910,676,"Cover 3 Zone"
2018090910,2309,"Cover 2 Zone"
2018090910,1876,"Cover 1 Man"
2018090910,725,"Cover 3 Zone"
2018090910,477,"Cover 3 Zone"
2018090910,2626,"Cover 4 Zone"
2018090910,1025,"Cover 4 Zone"
2018090910,3171,"Cover 4 Zone"
2018090910,3130,"Cover 2 Zone"
2018090910,784,"Cover 3 Zone"
2018090910,3106,"Cover 3 Zone"
2018090910,985,"Cover 1 Man"
2018090910,1678,"Cover 1 Man"
2018090910,3605,"Cover 1 Man"
2018090910,2604,"Cover 3 Zone"
2018090910,414,"Cover 1 Man"
2018090910,2649,"Cover 4 Zone"
2018090910,3638,"Cover 4 Zone"
2018090910,1740,"Cover 1 Man"
2018090910,2204,"Cover 3 Zone"
2018090910,3550,"Cover 1 Man"
2018090910,3726,"Cover 3 Zone"
2018090910,2863,"Cover 3 Zone"
2018090910,3458,"Cover 6 Zone"
2018090910,1536,"Cover 3 Zone"
2018090910,1865,"Cover 3 Zone"
2018090910,2434,"Cover 3 Zone"
2018090910,1131,"Cover 1 Man"
2018090910,3931,"Cover 3 Zone"
2018090910,577,"Cover 1 Man"
2018090910,3434,"Cover 3 Zone"
2018090910,3526,"Cover 4 Zone"
2018090910,1560,"Cover 1 Man"
2018090910,2136,"Cover 3 Zone"
2018090910,1307,"Cover 3 Zone"
2018090910,1491,"Cover 3 Zone"
2018090600,4282,"Cover 1 Man"
2018090600,3678,"Cover 3 Zone"
2018090600,146,"Cover 3 Zone"
2018090600,1628,"Cover 3 Zone"
2018090600,1940,"Cover 1 Man"
2018090600,2116,"Cover 3 Zone"
2018090600,2474,"Cover 3 Zone"
2018090600,776,"Cover 3 Zone"
2018090600,2360,"Cover 3 Zone"
2018090600,521,"Cover 1 Man"
2018090600,75,"Cover 3 Zone"
2018090600,1473,"Cover 3 Zone"
2018090600,4325,"Cover 1 Man"
2018090600,1916,"Cover 4 Zone"
2018090600,3481,"Cover 3 Zone"
2018090600,2382,"Cover 3 Zone"
2018090600,1869,"Cover 3 Zone"
2018090600,3507,"Cover 3 Zone"
2018090600,1202,"Cover 3 Zone"
2018090600,3950,"Cover 3 Zone"
2018090600,3815,"Cover 3 Zone"
2018090600,3004,"Cover 1 Man"
2018090600,1423,"Cover 3 Zone"
2018090600,320,"Cover 3 Zone"
2018090600,2736,"Cover 1 Man"
2018090600,2624,"Cover 3 Zone"
2018090600,3392,"Cover 0 Man"
2018090600,4142,"Cover 3 Zone"
2018090600,402,"Cover 3 Zone"
2018090600,3279,"Cover 2 Zone"
2018090600,1546,"Cover 3 Zone"
2018090600,992,"Cover 3 Zone"
2018090600,1680,"Cover 3 Zone"
2018090600,2055,"Cover 3 Zone"
2018090600,4207,"Cover 3 Zone"
2018090600,839,"Cover 3 Zone"
2018090600,3203,"Cover 3 Zone"
2018090600,4417,"Cover 4 Zone"
2018090600,1750,"Cover 3 Zone"
2018090600,3844,"Cover 3 Zone"
2018090600,2648,"Cover 3 Zone"
2018090600,2260,"Cover 3 Zone"
2018090600,949,"Cover 3 Zone"
2018090600,2811,"Cover 3 Zone"
2018090600,3979,"Cover 3 Zone"
2018090600,3095,"Cover 3 Zone"
2018090600,1801,"Cover 1 Man"
2018090600,2450,"Cover 1 Man"
2018090600,3257,"Cover 0 Man"
2018090600,2503,"Cover 1 Man"
2018090600,752,"Cover 3 Zone"
2018090600,545,"Cover 1 Man"
2018090600,1568,"Cover 1 Man"
2018090600,2094,"Cover 2 Man"
2018090600,2305,"Cover 1 Man"
2018090600,1894,"Cover 3 Zone"
2018090600,4395,"Cover 4 Zone"
2018090600,1085,"Cover 3 Zone"
2018090600,2980,"Cover 2 Zone"
2018090600,2693,"Cover 3 Zone"
2018090600,4439,"Cover 4 Zone"
2018090600,2575,"Cover 3 Zone"
2018090600,3626,"Cover 6 Zone"
2018090600,636,"Cover 3 Zone"
2018090600,1226,"Cover 1 Man"
2018090600,4306,"Cover 3 Zone"
2018090600,1295,"Cover 1 Man"
2018090600,3928,"Cover 3 Zone"
2018090600,3181,"Cover 2 Zone"
2018090600,1779,"Cover 3 Zone"
2018090600,492,"Cover 3 Zone"
2018090600,168,"Cover 3 Zone"
2018090600,1344,"Cover 4 Zone"
2018090600,3791,"Cover 3 Zone"
2018090600,3904,"Cover 3 Zone"
2018090600,4166,"Cover 3 Zone"
2018090600,3066,"Cover 3 Zone"
2018090600,1061,"Cover 1 Man"
2018090600,1037,"Cover 2 Man"
2018090600,4366,"Cover 3 Zone"
2018090600,4258,"Cover 3 Zone"
2018090600,889,"Cover 3 Zone"
2018090600,2764,"Cover 3 Zone"
2018090600,4472,"Cover 4 Zone"
2018090600,4239,"Cover 1 Man"
2018090600,1715,"Cover 2 Man"
2018090600,256,"Cover 0 Man"
2018090600,190,"Cover 3 Zone"
2018090600,344,"Cover 3 Zone"
2018090905,2471,"Cover 3 Zone"
2018090905,987,"Cover 1 Man"
2018090905,1441,"Cover 2 Zone"
2018090905,3305,"Cover 2 Zone"
2018090905,2369,"Cover 3 Zone"
2018090905,1247,"Cover 3 Zone"
2018090905,2345,"Cover 6 Zone"
2018090905,1713,"Cover 1 Man"
2018090905,3283,"Cover 1 Man"
2018090905,4053,"Cover 1 Man"
2018090905,1601,"Cover 1 Man"
2018090905,2169,"Cover 3 Zone"
2018090905,2755,"Cover 3 Zone"
2018090905,1138,"Cover 4 Zone"
2018090905,4414,"Cover 4 Zone"
2018090905,882,"Cover 1 Man"
2018090905,1047,"Cover 1 Man"
2018090905,3774,"Cover 1 Man"
2018090905,1533,"Cover 2 Zone"
2018090905,3125,"Cover 4 Zone"
2018090905,162,"Cover 1 Man"
2018090905,313,"Cover 4 Zone"
2018090905,3591,"Cover 3 Zone"
2018090905,4385,"Cover 4 Zone"
2018090905,1646,"Cover 3 Zone"
2018090905,4464,"Prevent Zone"
2018090905,2949,"Cover 4 Zone"
2018090905,1689,"Cover 2 Zone"
2018090905,2123,"Cover 3 Zone"
2018090905,2861,"Cover 1 Man"
2018090905,1489,"Cover 1 Man"
2018090905,4330,"Cover 3 Zone"
2018090905,3621,"Cover 3 Zone"
2018090905,963,"Cover 3 Zone"
2018090905,3709,"Cover 6 Zone"
2018090905,406,"Cover 3 Zone"
2018090905,451,"Cover 2 Zone"
2018090905,2600,"Cover 1 Man"
2018090905,628,"Cover 4 Zone"
2018090905,3395,"Cover 3 Zone"
2018090905,3546,"Cover 1 Man"
2018090905,757,"Cover 3 Zone"
2018090905,829,"Cover 1 Man"
2018090905,1465,"Cover 6 Zone"
2018090905,3970,"Cover 1 Man"
2018090905,1222,"Cover 1 Man"
2018090905,2622,"Cover 0 Man"
2018090905,3822,"Cover 2 Man"
2018090905,3992,"Cover 1 Man"
2018090905,516,"Cover 3 Zone"
2018090905,2710,"Cover 3 Zone"
2018090905,2839,"Cover 3 Zone"
2018090905,783,"Cover 1 Man"
2018090905,337,"Cover 1 Man"
2018090905,2062,"Cover 3 Zone"
2018090905,2193,"Cover 2 Zone"
2018090905,2557,"Cover 2 Zone"
2018090905,585,"Cover 1 Man"
2018090905,1951,"Cover 3 Zone"
2018090905,1269,"Cover 3 Zone"
2018090905,2516,"Cover 3 Zone"
2018090905,3242,"Cover 2 Zone"
2018090905,3645,"Cover 1 Man"
2018090905,2686,"Cover 2 Man"
2018090905,3078,"Cover 1 Man"
2018090905,2147,"Cover 1 Man"
2018090905,1511,"Cover 2 Zone"
2018090905,3445,"Cover 1 Man"
2018090905,906,"Cover 2 Zone"
2018090905,1356,"Cover 4 Zone"
2018090905,228,"Cover 1 Man"
2018090905,4142,"Cover 2 Zone"
2018090905,3218,"Cover 2 Zone"
2018090905,1419,"Cover 1 Man"
2018090905,1337,"Cover 1 Man"
2018090905,930,"Cover 3 Zone"
2018090905,2777,"Cover 3 Zone"
2018090905,475,"Cover 3 Zone"
2018090905,2433,"Cover 6 Zone"
2018090905,377,"Cover 6 Zone"
2018090905,3371,"Cover 3 Zone"
2018090902,575,"Cover 4 Zone"
2018090902,3031,"Cover 1 Man"
2018090902,2933,"Cover 3 Zone"
2018090902,2505,"Cover 1 Man"
2018090902,3986,"Cover 2 Zone"
2018090902,797,"Cover 2 Zone"
2018090902,4055,"Cover 3 Zone"
2018090902,1406,"Cover 1 Man"
2018090902,305,"Cover 3 Zone"
2018090902,885,"Cover 2 Zone"
2018090902,3929,"Cover 1 Man"
2018090902,2457,"Cover 1 Man"
2018090902,4096,"Cover 2 Man"
2018090902,1040,"Cover 1 Man"
2018090902,3092,"Cover 3 Zone"
2018090902,3698,"Cover 3 Zone"
2018090902,372,"Cover 3 Zone"
2018090902,260,"Cover 3 Zone"
2018090902,3525,"Cover 1 Man"
2018090902,4219,"Cover 2 Man"
2018090902,4300,"Cover 2 Zone"
2018090902,482,"Cover 3 Zone"
2018090902,210,"Cover 6 Zone"
2018090902,3851,"Cover 6 Zone"
2018090902,3113,"Cover 4 Zone"
2018090902,695,"Cover 3 Zone"
2018090902,2558,"Cover 4 Zone"
2018090902,3299,"Cover 4 Zone"
2018090902,3962,"Cover 2 Man"
2018090902,163,"Cover 3 Zone"
2018090902,4120,"Cover 2 Zone"
2018090902,437,"Cover 2 Zone"
2018090902,821,"Cover 2 Zone"
2018090902,1085,"Cover 2 Zone"
2018090902,1969,"Cover 4 Zone"
2018090902,1206,"Cover 2 Zone"
2018090902,1302,"Cover 6 Zone"
2018090902,1752,"Cover 1 Man"
2018090902,3597,"Cover 2 Zone"
2018090902,2739,"Cover 3 Zone"
2018090902,1904,"Cover 1 Man"
2018090902,1011,"Cover 4 Zone"
2018090902,2406,"Cover 4 Zone"
2018090902,2955,"Cover 4 Zone"
2018090902,3812,"Cover 4 Zone"
2018090902,551,"Cover 1 Man"
2018090902,1839,"Cover 4 Zone"
2018090902,1182,"Cover 4 Zone"
2018090902,1614,"Cover 3 Zone"
2018090902,1815,"Cover 2 Zone"
2018090902,2043,"Cover 2 Man"
2018090902,4197,"Cover 6 Zone"
2018090902,2297,"Cover 6 Zone"
2018090902,2002,"Cover 3 Zone"
2018090902,2686,"Cover 2 Zone"
2018090902,3214,"Cover 4 Zone"
2018090902,4031,"Cover 1 Man"
2018090902,1730,"Cover 1 Man"
2018090902,989,"Cover 4 Zone"
2018090902,527,"Cover 1 Man"
2018090902,1863,"Cover 3 Zone"
2018090902,2824,"Cover 6 Zone"
2018090902,2166,"Cover 3 Zone"
2018090902,1697,"Cover 3 Zone"
2018090902,2582,"Cover 1 Man"
2018090902,3727,"Cover 2 Zone"
2018090902,3674,"Cover 3 Zone"
2018090902,2435,"Cover 1 Man"
2018090902,2209,"Cover 2 Zone"
2018090902,2527,"Cover 4 Zone"
2018090902,1472,"Cover 4 Zone"
2018090902,4144,"Cover 4 Zone"
2018090902,2710,"Cover 1 Man"
2018090902,2481,"Cover 1 Man"
2018090902,845,"Cover 3 Zone"
2018090902,3480,"Cover 1 Man"
2018090902,1517,"Cover 4 Zone"
2018090902,81,"Cover 6 Zone"
2018090902,3751,"Cover 2 Zone"
2018090902,1541,"Cover 1 Man"
2018090902,350,"Cover 3 Zone"
2018090902,2382,"Cover 4 Zone"
2018090902,2316,"Cover 4 Zone"
2018090902,3907,"Cover 2 Zone"
2018090902,2662,"Cover 3 Zone"
2018090902,1326,"Cover 3 Zone"
2018090902,4173,"Cover 1 Man"
2018090902,673,"Cover 1 Man"
2018090902,3233,"Cover 3 Zone"
2018090903,791,"Cover 1 Man"
2018090903,2597,"Cover 0 Man"
2018090903,3349,"Cover 3 Zone"
2018090903,4072,"Cover 3 Zone"
2018090903,2348,"Cover 1 Man"
2018090903,837,"Cover 2 Zone"
2018090903,513,"Cover 1 Man"
2018090903,3755,"Cover 3 Zone"
2018090903,4028,"Cover 3 Zone"
2018090903,3578,"Cover 1 Man"
2018090903,641,"Cover 0 Man"
2018090903,2806,"Cover 1 Man"
2018090903,3485,"Cover 3 Zone"
2018090903,2509,"Cover 1 Man"
2018090903,762,"Cover 4 Zone"
2018090903,1515,"Cover 1 Man"
2018090903,2381,"Cover 1 Man"
2018090903,596,"Cover 3 Zone"
2018090903,3139,"Cover 3 Zone"
2018090903,3007,"Cover 1 Man"
2018090903,451,"Cover 2 Zone"
2018090903,685,"Cover 2 Zone"
2018090903,3801,"Cover 3 Zone"
2018090903,2894,"Cover 2 Zone"
2018090903,3840,"Cover 3 Zone"
2018090903,3728,"Cover 6 Zone"
2018090903,4096,"Cover 2 Zone"
2018090903,149,"Cover 3 Zone"
2018090903,333,"Cover 2 Zone"
2018090903,3661,"Cover 4 Zone"
2018090903,2267,"Cover 2 Zone"
2018090903,2230,"Cover 1 Man"
2018090903,424,"Cover 1 Man"
2018090903,1235,"Cover 1 Man"
2018090903,218,"Cover 1 Man"
2018090903,3117,"Cover 3 Zone"
2018090903,941,"Cover 1 Man"
2018090903,1444,"Cover 1 Man"
2018090903,3029,"Cover 4 Zone"
2018090903,1556,"Cover 1 Man"
2018090903,3438,"Cover 6 Zone"
2018090903,1146,"Cover 3 Zone"
2018090903,79,"Cover 4 Zone"
2018090903,3086,"Cover 4 Zone"
2018090903,3213,"Cover 1 Man"
2018090903,3507,"Cover 1 Man"
2018090903,813,"Cover 2 Zone"
2018090903,2834,"Cover 3 Zone"
2018090903,3264,"Cover 6 Zone"
2018090903,1074,"Cover 1 Man"
2018090903,2064,"Cover 3 Zone"
2018090903,1585,"Cover 6 Zone"
2018090903,4050,"Cover 6 Zone"
2018090903,382,"Cover 1 Man"
2018090903,2405,"Cover 1 Man"
2018090903,2556,"Cover 1 Man"
2018090903,3625,"Cover 0 Man"
2018090903,3371,"Cover 1 Man"
2018090903,3999,"Cover 3 Zone"
2018090903,1336,"Cover 3 Zone"
2018090903,3235,"Cover 1 Man"
2018090903,3777,"Cover 3 Zone"
2018090903,663,"Cover 1 Man"
2018090903,1971,"Cover 1 Man"
2018090903,1947,"Cover 1 Man"
2018090903,2453,"Cover 6 Zone"
2018090903,194,"Cover 1 Man"
2018090903,878,"Cover 3 Zone"
